-- --------------------------------------------------------
-- Host:                         127.0.0.1
-- Server version:               8.0.39 - MySQL Community Server - GPL
-- Server OS:                    Win64
-- HeidiSQL Version:             12.0.0.6468
-- --------------------------------------------------------

/*!40101 SET @OLD_CHARACTER_SET_CLIENT=@@CHARACTER_SET_CLIENT */;
/*!40101 SET NAMES utf8 */;
/*!50503 SET NAMES utf8mb4 */;
/*!40103 SET @OLD_TIME_ZONE=@@TIME_ZONE */;
/*!40103 SET TIME_ZONE='+00:00' */;
/*!40014 SET @OLD_FOREIGN_KEY_CHECKS=@@FOREIGN_KEY_CHECKS, FOREIGN_KEY_CHECKS=0 */;
/*!40101 SET @OLD_SQL_MODE=@@SQL_MODE, SQL_MODE='NO_AUTO_VALUE_ON_ZERO' */;
/*!40111 SET @OLD_SQL_NOTES=@@SQL_NOTES, SQL_NOTES=0 */;


-- Dumping database structure for cafe_db
CREATE DATABASE IF NOT EXISTS `cafe_db` /*!40100 DEFAULT CHARACTER SET utf8mb3 */ /*!80016 DEFAULT ENCRYPTION='N' */;
USE `cafe_db`;

-- Dumping structure for table cafe_db.active_state
CREATE TABLE IF NOT EXISTS `active_state` (
  `state_id` tinyint NOT NULL AUTO_INCREMENT,
  `status` varchar(20) DEFAULT NULL,
  PRIMARY KEY (`state_id`)
) ENGINE=InnoDB AUTO_INCREMENT=3 DEFAULT CHARSET=utf8mb3;

-- Dumping data for table cafe_db.active_state: ~2 rows (approximately)
INSERT INTO `active_state` (`state_id`, `status`) VALUES
	(1, 'Active'),
	(2, 'Inactive');

-- Dumping structure for table cafe_db.activity
CREATE TABLE IF NOT EXISTS `activity` (
  `id` int NOT NULL AUTO_INCREMENT,
  `description` varchar(45) DEFAULT NULL,
  `date` date DEFAULT NULL,
  `time` time DEFAULT NULL,
  `user_id` varchar(10) CHARACTER SET utf8mb3 COLLATE utf8mb3_general_ci NOT NULL,
  PRIMARY KEY (`id`),
  KEY `fk_activity_user1_idx` (`user_id`),
  CONSTRAINT `fk_activity_user1` FOREIGN KEY (`user_id`) REFERENCES `user` (`mobile`)
) ENGINE=InnoDB AUTO_INCREMENT=857 DEFAULT CHARSET=utf8mb3;

-- Dumping data for table cafe_db.activity: ~827 rows (approximately)
INSERT INTO `activity` (`id`, `description`, `date`, `time`, `user_id`) VALUES
	(1, 'logged in', '2024-08-09', '08:58:10', '0715777896'),
	(2, 'logged in', '2024-08-09', '09:00:15', '0715777896'),
	(3, 'logged in', '2024-08-09', '09:01:39', '0774512963'),
	(4, 'logged in', '2024-08-09', '09:01:53', '0715777896'),
	(5, 'logged in', '2024-08-09', '10:18:00', '0715777896'),
	(6, 'reservation bill', '2024-08-09', '10:18:00', '0715777896'),
	(7, 'logged in', '2024-08-09', '10:22:49', '0774512963'),
	(8, 'dine in bill', '2024-08-09', '10:23:16', '0774512963'),
	(9, 'logged out', '2024-08-09', '10:23:30', '0774512963'),
	(10, 'logged in', '2024-08-09', '10:23:33', '0715777896'),
	(11, 'take away bill', '2024-08-09', '10:24:06', '0715777896'),
	(12, 'logged in', '2024-08-09', '11:10:21', '0715777896'),
	(13, 'logged in', '2024-08-09', '11:27:18', '0715777896'),
	(14, 'logged in', '2024-08-09', '11:50:38', '0715777896'),
	(15, 'system settings updated', '2024-08-09', '11:50:43', '0715777896'),
	(16, 'reservation status updated', '2024-08-09', '11:51:07', '0715777896'),
	(17, 'logged in', '2024-08-11', '09:01:06', '0715777896'),
	(18, 'take away bill', '2024-08-11', '09:02:11', '0715777896'),
	(19, 'logged in', '2024-08-11', '11:23:30', '0715777896'),
	(20, 'logged in', '2024-09-19', '06:23:45', '0715777896'),
	(21, 'take away bill', '2024-09-19', '06:25:21', '0715777896'),
	(22, 'take away bill', '2024-09-19', '06:26:59', '0715777896'),
	(23, 'logged out', '2024-09-19', '09:50:16', '0715777896'),
	(24, 'logged in', '2024-09-19', '09:50:23', '0774512963'),
	(25, 'logged out', '2024-09-19', '09:51:53', '0774512963'),
	(26, 'logged in', '2024-09-19', '09:52:01', '0715777896'),
	(27, 'logged out', '2024-09-19', '09:53:24', '0715777896'),
	(28, 'logged in', '2024-09-19', '09:53:30', '0774512963'),
	(29, 'logged out', '2024-09-19', '09:54:18', '0774512963'),
	(30, 'logged in', '2024-09-19', '09:54:23', '0715777896'),
	(31, 'logged in', '2024-09-19', '02:02:38', '0715777896'),
	(32, 'logged in', '2024-09-19', '02:04:42', '0715777896'),
	(33, 'logged in', '2024-09-19', '02:05:52', '0715777896'),
	(34, 'logged in', '2024-09-19', '02:09:26', '0715777896'),
	(35, 'logged in', '2024-09-19', '02:10:10', '0715777896'),
	(36, 'logged in', '2024-09-19', '02:11:21', '0715777896'),
	(37, 'logged in', '2024-09-19', '02:12:33', '0715777896'),
	(38, 'logged in', '2024-09-20', '11:40:34', '0715777896'),
	(39, 'logged in', '2024-09-20', '12:20:35', '0715777896'),
	(40, 'logged in', '2024-09-20', '12:52:25', '0715777896'),
	(41, 'logged in', '2024-10-26', '09:16:42', '0715777896'),
	(42, 'logged in', '2024-11-19', '04:40:28', '0715777896'),
	(43, 'logged in', '2024-11-19', '04:56:44', '0715777896'),
	(44, 'take away bill', '2024-11-19', '05:00:22', '0715777896'),
	(45, 'logged out', '2024-11-19', '05:04:09', '0715777896'),
	(46, 'logged in', '2024-11-19', '05:04:14', '0774512963'),
	(47, 'logged in', '2024-11-21', '10:04:29', '0715777896'),
	(48, 'logged in', '2024-11-21', '10:12:28', '0715777896'),
	(49, 'logged in', '2024-11-21', '10:24:11', '0715777896'),
	(50, 'logged in', '2024-11-21', '10:26:20', '0715777896'),
	(51, 'logged in', '2024-11-21', '10:29:01', '0715777896'),
	(52, 'take away bill', '2024-11-21', '10:49:09', '0715777896'),
	(53, 'logged out', '2024-11-21', '10:51:05', '0715777896'),
	(54, 'logged in', '2024-11-21', '10:51:11', '0774512963'),
	(55, 'take away bill', '2024-11-21', '10:51:44', '0774512963'),
	(56, 'logged out', '2024-11-21', '10:52:04', '0774512963'),
	(57, 'logged in', '2024-11-21', '10:52:07', '0715777896'),
	(58, 'logged in', '2024-11-21', '10:54:45', '0715777896'),
	(59, 'logged in', '2024-11-21', '10:56:11', '0715777896'),
	(60, 'logged in', '2024-11-21', '10:57:11', '0715777896'),
	(61, 'logged in', '2024-11-21', '10:59:39', '0715777896'),
	(62, 'logged in', '2024-11-21', '11:02:42', '0715777896'),
	(63, 'logged in', '2024-11-21', '11:02:57', '0715777896'),
	(64, 'logged in', '2024-11-21', '11:04:09', '0715777896'),
	(65, 'logged out', '2024-11-21', '11:04:17', '0715777896'),
	(66, 'logged in', '2024-11-21', '11:04:23', '0715777896'),
	(67, 'logged out', '2024-11-21', '11:04:38', '0715777896'),
	(68, 'logged out', '2024-11-21', '11:04:38', '0715777896'),
	(69, 'logged in', '2024-11-21', '11:04:46', '0774512963'),
	(70, 'logged in', '2024-11-21', '11:05:05', '0715777896'),
	(71, 'logged out', '2024-11-21', '11:05:45', '0715777896'),
	(72, 'logged in', '2024-11-22', '06:06:39', '0715777896'),
	(73, 'logged out', '2024-11-22', '06:29:06', '0715777896'),
	(74, 'logged in', '2024-11-22', '06:29:15', '0715777896'),
	(75, 'logged out', '2024-11-22', '06:29:50', '0715777896'),
	(76, 'logged in', '2024-11-22', '06:29:57', '0715777896'),
	(77, 'dine in bill', '2024-11-22', '06:31:22', '0715777896'),
	(78, 'logged out', '2024-11-22', '07:53:38', '0715777896'),
	(79, 'logged in', '2024-11-22', '08:52:13', '0715777896'),
	(80, 'take away bill', '2024-11-22', '08:52:57', '0715777896'),
	(81, 'logged out', '2024-11-22', '08:53:26', '0715777896'),
	(82, 'logged in', '2024-11-22', '08:55:09', '0715777896'),
	(83, 'pre order bill', '2024-11-22', '08:56:31', '0715777896'),
	(84, 'logged out', '2024-11-22', '08:57:16', '0715777896'),
	(85, 'logged in', '2024-11-22', '09:01:55', '0715777896'),
	(86, 'take away bill', '2024-11-22', '09:02:19', '0715777896'),
	(87, 'dine in bill', '2024-11-22', '09:02:57', '0715777896'),
	(88, 'table status updated', '2024-11-22', '09:03:42', '0715777896'),
	(89, 'table status updated', '2024-11-22', '09:03:46', '0715777896'),
	(90, 'table status updated', '2024-11-22', '09:03:51', '0715777896'),
	(91, 'table status updated', '2024-11-22', '09:03:54', '0715777896'),
	(92, 'reservation status updated', '2024-11-22', '09:04:12', '0715777896'),
	(93, 'reservation status updated', '2024-11-22', '09:04:20', '0715777896'),
	(94, 'reservation status updated', '2024-11-22', '09:04:34', '0715777896'),
	(95, 'reservation status updated', '2024-11-22', '09:04:39', '0715777896'),
	(96, 'reservation status updated', '2024-11-22', '09:04:47', '0715777896'),
	(97, 'table status updated', '2024-11-22', '09:04:57', '0715777896'),
	(98, 'table status updated', '2024-11-22', '09:04:59', '0715777896'),
	(99, 'logged out', '2024-11-22', '09:06:46', '0715777896'),
	(100, 'logged in', '2024-11-22', '09:08:02', '0715777896'),
	(101, 'pre order bill', '2024-11-22', '09:09:06', '0715777896'),
	(102, 'pre order status updated', '2024-11-22', '09:10:31', '0715777896'),
	(103, 'pre order status updated', '2024-11-22', '09:10:37', '0715777896'),
	(104, 'pre order status updated', '2024-11-22', '09:10:54', '0715777896'),
	(105, 'table status updated', '2024-11-22', '09:12:30', '0715777896'),
	(106, 'new table added', '2024-11-22', '09:16:49', '0715777896'),
	(107, 'reservation bill', '2024-11-22', '09:26:36', '0715777896'),
	(108, 'logged out', '2024-11-22', '10:43:07', '0715777896'),
	(109, 'logged in', '2024-11-22', '10:43:15', '0715777896'),
	(110, 'logged out', '2024-11-22', '10:45:48', '0715777896'),
	(111, 'logged in', '2024-11-22', '10:45:56', '0715777896'),
	(112, 'logged out', '2024-11-22', '10:48:14', '0715777896'),
	(113, 'logged in', '2024-11-22', '10:48:21', '0715777896'),
	(114, 'logged out', '2024-11-22', '10:59:20', '0715777896'),
	(115, 'logged in', '2024-11-22', '10:59:25', '0715777896'),
	(116, 'logged out', '2024-11-22', '11:00:30', '0715777896'),
	(117, 'logged in', '2024-11-22', '11:00:36', '0715777896'),
	(118, 'logged out', '2024-11-22', '11:01:18', '0715777896'),
	(119, 'logged in', '2024-11-22', '11:01:24', '0715777896'),
	(120, 'logged out', '2024-11-22', '11:04:33', '0715777896'),
	(121, 'logged in', '2024-11-22', '11:04:40', '0715777896'),
	(122, 'logged out', '2024-11-22', '11:05:54', '0715777896'),
	(123, 'logged in', '2024-11-22', '11:05:59', '0715777896'),
	(124, 'logged out', '2024-11-22', '11:11:38', '0715777896'),
	(125, 'logged in', '2024-11-22', '11:11:59', '0715777896'),
	(126, 'logged out', '2024-11-22', '11:12:48', '0715777896'),
	(127, 'logged in', '2024-11-22', '11:12:53', '0715777896'),
	(128, 'logged out', '2024-11-22', '11:13:54', '0715777896'),
	(129, 'logged in', '2024-11-22', '11:14:00', '0715777896'),
	(130, 'logged out', '2024-11-22', '11:17:13', '0715777896'),
	(131, 'logged in', '2024-11-22', '11:17:18', '0715777896'),
	(132, 'logged out', '2024-11-22', '11:24:00', '0715777896'),
	(133, 'logged in', '2024-11-22', '11:24:07', '0715777896'),
	(134, 'logged out', '2024-11-22', '11:25:11', '0715777896'),
	(135, 'logged in', '2024-11-22', '11:25:17', '0715777896'),
	(136, 'logged out', '2024-11-22', '11:26:51', '0715777896'),
	(137, 'logged in', '2024-11-22', '11:26:57', '0715777896'),
	(138, 'logged out', '2024-11-22', '11:27:41', '0715777896'),
	(139, 'logged in', '2024-11-22', '11:27:48', '0715777896'),
	(140, 'logged out', '2024-11-22', '11:39:03', '0715777896'),
	(141, 'logged in', '2024-11-22', '11:39:09', '0715777896'),
	(142, 'logged out', '2024-11-22', '11:42:01', '0715777896'),
	(143, 'logged in', '2024-11-22', '11:42:07', '0715777896'),
	(144, 'logged out', '2024-11-22', '11:45:16', '0715777896'),
	(145, 'logged in', '2024-11-22', '11:45:22', '0715777896'),
	(146, 'logged out', '2024-11-22', '11:46:30', '0715777896'),
	(147, 'logged in', '2024-11-22', '11:46:36', '0715777896'),
	(148, 'logged out', '2024-11-22', '11:52:56', '0715777896'),
	(149, 'logged in', '2024-11-22', '11:57:05', '0715777896'),
	(150, 'logged out', '2024-11-22', '12:02:54', '0715777896'),
	(151, 'logged in', '2024-11-22', '12:02:59', '0715777896'),
	(152, 'logged out', '2024-11-22', '01:57:44', '0715777896'),
	(153, 'logged in', '2024-11-22', '03:35:05', '0715777896'),
	(154, 'logged out', '2024-11-22', '03:36:37', '0715777896'),
	(155, 'logged in', '2024-11-22', '03:36:43', '0715777896'),
	(156, 'logged out', '2024-11-22', '03:38:44', '0715777896'),
	(157, 'logged in', '2024-11-22', '03:38:50', '0715777896'),
	(158, 'logged out', '2024-11-22', '03:49:49', '0715777896'),
	(159, 'logged in', '2024-11-22', '03:50:02', '0715777896'),
	(160, 'logged out', '2024-11-22', '03:53:13', '0715777896'),
	(161, 'logged in', '2024-11-22', '03:53:19', '0715777896'),
	(162, 'logged out', '2024-11-22', '04:13:28', '0715777896'),
	(163, 'logged in', '2024-11-22', '04:59:43', '0715777896'),
	(164, 'logged out', '2024-11-22', '05:03:48', '0715777896'),
	(165, 'logged in', '2024-11-22', '05:03:54', '0715777896'),
	(166, 'logged in', '2024-11-22', '05:08:39', '0715777896'),
	(167, 'logged in', '2024-11-22', '05:10:43', '0715777896'),
	(168, 'logged out', '2024-11-22', '05:11:34', '0715777896'),
	(169, 'logged in', '2024-11-22', '05:11:39', '0715777896'),
	(170, 'logged in', '2024-11-22', '05:20:22', '0715777896'),
	(171, 'logged out', '2024-11-22', '05:24:55', '0715777896'),
	(172, 'logged in', '2024-11-22', '05:25:07', '0715777896'),
	(173, 'logged out', '2024-11-22', '05:27:50', '0715777896'),
	(174, 'logged in', '2024-11-22', '05:27:56', '0715777896'),
	(175, 'logged out', '2024-11-22', '05:31:34', '0715777896'),
	(176, 'logged in', '2024-11-22', '05:31:40', '0715777896'),
	(177, 'logged out', '2024-11-22', '05:32:05', '0715777896'),
	(178, 'logged in', '2024-11-22', '05:32:12', '0715777896'),
	(179, 'logged out', '2024-11-22', '06:13:27', '0715777896'),
	(180, 'logged in', '2024-11-22', '06:13:36', '0715777896'),
	(181, 'logged out', '2024-11-22', '06:45:48', '0715777896'),
	(182, 'logged in', '2024-11-22', '06:45:53', '0715777896'),
	(183, 'logged out', '2024-11-22', '06:46:17', '0715777896'),
	(184, 'logged in', '2024-11-22', '06:46:22', '0715777896'),
	(185, 'logged out', '2024-11-22', '06:48:31', '0715777896'),
	(186, 'logged in', '2024-11-22', '06:48:38', '0715777896'),
	(187, 'logged out', '2024-11-22', '06:49:11', '0715777896'),
	(188, 'logged in', '2024-11-22', '06:49:16', '0715777896'),
	(189, 'pre order bill', '2024-11-22', '06:51:23', '0715777896'),
	(190, 'logged out', '2024-11-22', '07:04:00', '0715777896'),
	(191, 'logged in', '2024-11-22', '07:04:06', '0715777896'),
	(192, 'logged out', '2024-11-22', '07:42:10', '0715777896'),
	(193, 'logged in', '2024-11-22', '07:42:16', '0715777896'),
	(194, 'logged out', '2024-11-22', '08:48:31', '0715777896'),
	(195, 'logged in', '2024-11-22', '08:48:37', '0715777896'),
	(196, 'logged out', '2024-11-22', '08:49:16', '0715777896'),
	(197, 'logged in', '2024-11-22', '08:49:21', '0715777896'),
	(198, 'logged out', '2024-11-22', '08:50:05', '0715777896'),
	(199, 'logged in', '2024-11-22', '08:50:11', '0715777896'),
	(200, 'logged out', '2024-11-22', '08:50:43', '0715777896'),
	(201, 'logged in', '2024-11-22', '08:54:21', '0715777896'),
	(202, 'logged out', '2024-11-22', '08:57:21', '0715777896'),
	(203, 'logged in', '2024-11-22', '08:57:22', '0715777896'),
	(204, 'logged out', '2024-11-22', '08:58:21', '0715777896'),
	(205, 'logged in', '2024-11-22', '08:58:27', '0715777896'),
	(206, 'logged out', '2024-11-22', '09:00:58', '0715777896'),
	(207, 'logged in', '2024-11-22', '09:01:05', '0715777896'),
	(208, 'logged out', '2024-11-22', '09:13:06', '0715777896'),
	(209, 'logged in', '2024-11-22', '09:13:13', '0715777896'),
	(210, 'logged out', '2024-11-22', '09:20:10', '0715777896'),
	(211, 'logged in', '2024-11-22', '09:20:16', '0715777896'),
	(212, 'logged out', '2024-11-22', '09:21:35', '0715777896'),
	(213, 'logged in', '2024-11-22', '09:21:59', '0715777896'),
	(214, 'logged out', '2024-11-22', '09:24:25', '0715777896'),
	(215, 'logged in', '2024-11-22', '09:24:34', '0715777896'),
	(216, 'logged out', '2024-11-22', '09:49:28', '0715777896'),
	(217, 'logged in', '2024-11-22', '09:49:34', '0715777896'),
	(218, 'logged out', '2024-11-22', '09:51:04', '0715777896'),
	(219, 'logged in', '2024-11-22', '09:51:09', '0715777896'),
	(220, 'logged out', '2024-11-22', '09:55:38', '0715777896'),
	(221, 'logged in', '2024-11-22', '09:55:44', '0715777896'),
	(222, 'logged out', '2024-11-22', '09:56:14', '0715777896'),
	(223, 'logged in', '2024-11-22', '09:56:19', '0715777896'),
	(224, 'logged out', '2024-11-22', '09:57:31', '0715777896'),
	(225, 'logged in', '2024-11-22', '09:57:36', '0715777896'),
	(226, 'logged out', '2024-11-22', '10:17:20', '0715777896'),
	(227, 'logged in', '2024-11-22', '10:17:47', '0715777896'),
	(228, 'logged out', '2024-11-22', '10:19:09', '0715777896'),
	(229, 'logged in', '2024-11-22', '10:19:15', '0715777896'),
	(230, 'logged out', '2024-11-22', '10:22:10', '0715777896'),
	(231, 'logged in', '2024-11-22', '10:22:16', '0715777896'),
	(232, 'logged out', '2024-11-22', '10:24:46', '0715777896'),
	(233, 'logged in', '2024-11-22', '10:24:51', '0715777896'),
	(234, 'logged out', '2024-11-22', '10:34:32', '0715777896'),
	(235, 'logged in', '2024-11-22', '10:34:41', '0715777896'),
	(236, 'logged out', '2024-11-22', '10:48:58', '0715777896'),
	(237, 'logged in', '2024-11-22', '10:51:08', '0715777896'),
	(238, 'logged out', '2024-11-23', '12:07:46', '0715777896'),
	(239, 'logged in', '2024-11-23', '12:07:53', '0715777896'),
	(240, 'menu item added', '2024-11-23', '12:08:59', '0715777896'),
	(241, 'logged out', '2024-11-23', '12:13:27', '0715777896'),
	(242, 'logged in', '2024-11-23', '12:13:47', '0715777896'),
	(243, 'logged out', '2024-11-23', '12:14:26', '0715777896'),
	(244, 'logged in', '2024-11-23', '05:59:35', '0715777896'),
	(245, 'logged out', '2024-11-23', '05:59:50', '0715777896'),
	(246, 'logged out', '2024-11-23', '05:59:50', '0715777896'),
	(247, 'logged in', '2024-11-23', '05:59:54', '0715777896'),
	(248, 'logged out', '2024-11-23', '05:59:59', '0715777896'),
	(249, 'logged out', '2024-11-23', '05:59:59', '0715777896'),
	(250, 'logged in', '2024-11-23', '06:00:04', '0774512963'),
	(251, 'logged out', '2024-11-23', '06:02:58', '0774512963'),
	(252, 'logged out', '2024-11-23', '06:02:58', '0774512963'),
	(253, 'logged in', '2024-11-23', '06:03:01', '0715777896'),
	(254, 'logged out', '2024-11-23', '06:15:35', '0715777896'),
	(255, 'logged in', '2024-11-23', '06:15:42', '0715777896'),
	(256, 'logged out', '2024-11-23', '06:16:33', '0715777896'),
	(257, 'logged in', '2024-11-23', '06:16:39', '0715777896'),
	(258, 'logged out', '2024-11-23', '06:18:35', '0715777896'),
	(259, 'logged in', '2024-11-23', '06:18:41', '0715777896'),
	(260, 'logged out', '2024-11-23', '06:20:00', '0715777896'),
	(261, 'logged in', '2024-11-23', '06:20:06', '0715777896'),
	(262, 'logged out', '2024-11-23', '06:22:19', '0715777896'),
	(263, 'logged in', '2024-11-23', '06:22:25', '0715777896'),
	(264, 'logged out', '2024-11-23', '06:23:39', '0715777896'),
	(265, 'logged in', '2024-11-23', '06:23:45', '0715777896'),
	(266, 'logged out', '2024-11-23', '06:25:17', '0715777896'),
	(267, 'logged in', '2024-11-23', '06:25:22', '0715777896'),
	(268, 'logged out', '2024-11-23', '06:27:50', '0715777896'),
	(269, 'logged in', '2024-11-23', '06:27:55', '0715777896'),
	(270, 'logged out', '2024-11-23', '06:28:43', '0715777896'),
	(271, 'logged in', '2024-11-23', '06:28:48', '0715777896'),
	(272, 'logged out', '2024-11-23', '06:31:44', '0715777896'),
	(273, 'logged in', '2024-11-23', '06:31:49', '0715777896'),
	(274, 'logged out', '2024-11-23', '06:33:07', '0715777896'),
	(275, 'logged in', '2024-11-23', '06:33:16', '0715777896'),
	(276, 'logged in', '2024-11-23', '06:35:31', '0715777896'),
	(277, 'logged out', '2024-11-23', '06:43:05', '0715777896'),
	(278, 'logged out', '2024-11-23', '06:43:07', '0715777896'),
	(279, 'logged in', '2024-11-23', '06:43:16', '0715777896'),
	(280, 'logged out', '2024-11-23', '06:49:00', '0715777896'),
	(281, 'logged in', '2024-11-23', '06:49:06', '0715777896'),
	(282, 'logged out', '2024-11-23', '06:49:43', '0715777896'),
	(283, 'logged in', '2024-11-23', '07:00:37', '0715777896'),
	(284, 'logged out', '2024-11-23', '07:44:07', '0715777896'),
	(285, 'logged in', '2024-11-23', '07:44:13', '0715777896'),
	(286, 'logged out', '2024-11-23', '08:08:50', '0715777896'),
	(287, 'logged in', '2024-11-23', '08:08:57', '0715777896'),
	(288, 'logged out', '2024-11-23', '08:18:52', '0715777896'),
	(289, 'logged in', '2024-11-23', '08:18:58', '0715777896'),
	(290, 'logged out', '2024-11-23', '08:30:10', '0715777896'),
	(291, 'logged in', '2024-11-23', '08:30:16', '0715777896'),
	(292, 'logged out', '2024-11-23', '08:43:45', '0715777896'),
	(293, 'logged in', '2024-11-23', '08:52:11', '0715777896'),
	(294, 'logged out', '2024-11-23', '08:53:43', '0715777896'),
	(295, 'logged in', '2024-11-23', '08:53:49', '0715777896'),
	(296, 'logged out', '2024-11-23', '09:06:34', '0715777896'),
	(297, 'logged in', '2024-11-23', '09:06:42', '0715777896'),
	(298, 'logged out', '2024-11-23', '09:08:29', '0715777896'),
	(299, 'logged in', '2024-11-23', '09:14:13', '0715777896'),
	(300, 'logged out', '2024-11-23', '09:16:56', '0715777896'),
	(301, 'logged in', '2024-11-23', '09:17:01', '0715777896'),
	(302, 'logged out', '2024-11-23', '09:18:40', '0715777896'),
	(303, 'logged in', '2024-11-23', '09:18:45', '0715777896'),
	(304, 'logged out', '2024-11-23', '09:20:08', '0715777896'),
	(305, 'logged in', '2024-11-23', '09:20:13', '0715777896'),
	(306, 'logged out', '2024-11-23', '09:21:22', '0715777896'),
	(307, 'logged in', '2024-11-23', '09:21:28', '0715777896'),
	(308, 'logged out', '2024-11-23', '09:24:25', '0715777896'),
	(309, 'logged in', '2024-11-23', '09:24:31', '0715777896'),
	(310, 'logged out', '2024-11-23', '09:24:59', '0715777896'),
	(311, 'logged in', '2024-11-23', '09:25:05', '0715777896'),
	(312, 'logged out', '2024-11-23', '09:25:14', '0715777896'),
	(313, 'logged in', '2024-11-23', '09:25:45', '0715777896'),
	(314, 'logged out', '2024-11-23', '09:26:52', '0715777896'),
	(315, 'logged in', '2024-11-23', '09:26:57', '0715777896'),
	(316, 'logged out', '2024-11-23', '09:27:53', '0715777896'),
	(317, 'logged in', '2024-11-23', '09:27:58', '0715777896'),
	(318, 'logged out', '2024-11-23', '09:31:14', '0715777896'),
	(319, 'logged in', '2024-11-23', '09:31:20', '0715777896'),
	(320, 'logged out', '2024-11-23', '09:31:55', '0715777896'),
	(321, 'logged in', '2024-11-23', '09:32:02', '0715777896'),
	(322, 'logged out', '2024-11-23', '09:32:36', '0715777896'),
	(323, 'logged in', '2024-11-23', '09:32:41', '0715777896'),
	(324, 'logged out', '2024-11-23', '09:33:54', '0715777896'),
	(325, 'logged in', '2024-11-23', '09:33:57', '0715777896'),
	(326, 'logged out', '2024-11-23', '09:34:24', '0715777896'),
	(327, 'logged in', '2024-11-23', '09:34:27', '0715777896'),
	(328, 'logged out', '2024-11-23', '09:35:40', '0715777896'),
	(329, 'logged in', '2024-11-23', '10:57:27', '0715777896'),
	(330, 'logged out', '2024-11-23', '10:59:07', '0715777896'),
	(331, 'logged in', '2024-11-23', '10:59:43', '0715777896'),
	(332, 'logged out', '2024-11-23', '11:01:04', '0715777896'),
	(333, 'logged in', '2024-11-23', '11:01:16', '0715777896'),
	(334, 'logged out', '2024-11-23', '11:04:39', '0715777896'),
	(335, 'logged in', '2024-11-23', '11:04:45', '0715777896'),
	(336, 'logged out', '2024-11-23', '11:05:11', '0715777896'),
	(337, 'logged in', '2024-11-23', '11:05:16', '0715777896'),
	(338, 'logged out', '2024-11-23', '11:08:57', '0715777896'),
	(339, 'logged in', '2024-11-23', '11:09:04', '0715777896'),
	(340, 'logged out', '2024-11-23', '11:10:56', '0715777896'),
	(341, 'logged in', '2024-11-23', '11:11:01', '0715777896'),
	(342, 'logged out', '2024-11-23', '11:14:03', '0715777896'),
	(343, 'logged in', '2024-11-23', '11:14:09', '0715777896'),
	(344, 'logged out', '2024-11-23', '12:04:03', '0715777896'),
	(345, 'logged in', '2024-11-23', '12:04:10', '0715777896'),
	(346, 'logged out', '2024-11-23', '12:05:49', '0715777896'),
	(347, 'logged in', '2024-11-23', '12:06:19', '0715777896'),
	(348, 'logged out', '2024-11-23', '12:11:01', '0715777896'),
	(349, 'logged in', '2024-11-23', '12:11:08', '0715777896'),
	(350, 'logged out', '2024-11-23', '02:24:16', '0715777896'),
	(351, 'logged in', '2024-11-23', '04:24:47', '0715777896'),
	(352, 'menu item status change', '2024-11-23', '04:25:47', '0715777896'),
	(353, 'menu item status change', '2024-11-23', '04:25:47', '0715777896'),
	(354, 'logged out', '2024-11-23', '04:27:02', '0715777896'),
	(355, 'logged in', '2024-11-23', '04:27:10', '0715777896'),
	(356, 'menu item status change', '2024-11-23', '04:27:24', '0715777896'),
	(357, 'menu item status change', '2024-11-23', '04:27:26', '0715777896'),
	(358, 'menu item status change', '2024-11-23', '04:27:28', '0715777896'),
	(359, 'menu item updated', '2024-11-23', '04:31:48', '0715777896'),
	(360, 'logged in', '2024-11-23', '05:30:16', '0715777896'),
	(361, 'logged out', '2024-11-23', '05:32:42', '0715777896'),
	(362, 'logged in', '2024-11-23', '05:32:48', '0715777896'),
	(363, 'logged out', '2024-11-23', '05:34:24', '0715777896'),
	(364, 'logged in', '2024-11-23', '05:35:34', '0715777896'),
	(365, 'logged out', '2024-11-23', '05:37:00', '0715777896'),
	(366, 'logged in', '2024-11-23', '05:41:45', '0715777896'),
	(367, 'logged out', '2024-11-23', '05:42:26', '0715777896'),
	(368, 'logged in', '2024-11-23', '05:42:32', '0715777896'),
	(369, 'logged out', '2024-11-23', '05:45:42', '0715777896'),
	(370, 'logged in', '2024-11-23', '05:45:49', '0715777896'),
	(371, 'logged out', '2024-11-23', '05:47:39', '0715777896'),
	(372, 'logged in', '2024-11-23', '05:48:05', '0715777896'),
	(373, 'logged out', '2024-11-23', '05:51:23', '0715777896'),
	(374, 'logged in', '2024-11-23', '05:52:33', '0715777896'),
	(375, 'logged out', '2024-11-23', '05:52:50', '0715777896'),
	(376, 'logged in', '2024-11-23', '05:53:10', '0715777896'),
	(377, 'logged out', '2024-11-23', '05:56:35', '0715777896'),
	(378, 'logged in', '2024-11-23', '05:56:45', '0715777896'),
	(379, 'logged out', '2024-11-23', '05:57:47', '0715777896'),
	(380, 'logged in', '2024-11-23', '05:57:54', '0715777896'),
	(381, 'logged out', '2024-11-23', '06:03:14', '0715777896'),
	(382, 'logged in', '2024-11-23', '06:03:21', '0715777896'),
	(383, 'logged out', '2024-11-23', '06:07:29', '0715777896'),
	(384, 'logged in', '2024-11-23', '06:07:41', '0715777896'),
	(385, 'menu item updated', '2024-11-23', '06:08:32', '0715777896'),
	(386, 'menu item updated', '2024-11-23', '06:09:05', '0715777896'),
	(387, 'logged out', '2024-11-23', '06:09:21', '0715777896'),
	(388, 'logged in', '2024-11-23', '06:09:28', '0715777896'),
	(389, 'logged out', '2024-11-23', '06:10:51', '0715777896'),
	(390, 'logged in', '2024-11-23', '06:10:59', '0715777896'),
	(391, 'logged out', '2024-11-23', '06:11:12', '0715777896'),
	(392, 'logged in', '2024-11-23', '06:11:20', '0715777896'),
	(393, 'menu item updated', '2024-11-23', '06:11:48', '0715777896'),
	(394, 'logged out', '2024-11-23', '06:12:52', '0715777896'),
	(395, 'logged in', '2024-11-23', '06:12:58', '0715777896'),
	(396, 'logged out', '2024-11-23', '06:13:26', '0715777896'),
	(397, 'logged in', '2024-11-23', '06:13:33', '0715777896'),
	(398, 'logged out', '2024-11-23', '06:13:54', '0715777896'),
	(399, 'logged in', '2024-11-23', '06:14:02', '0715777896'),
	(400, 'menu item updated', '2024-11-23', '06:14:43', '0715777896'),
	(401, 'logged out', '2024-11-23', '06:18:16', '0715777896'),
	(402, 'logged in', '2024-11-23', '06:18:23', '0715777896'),
	(403, 'logged out', '2024-11-23', '06:19:55', '0715777896'),
	(404, 'logged in', '2024-11-23', '06:20:02', '0715777896'),
	(405, 'menu item updated', '2024-11-23', '06:20:32', '0715777896'),
	(406, 'menu item updated', '2024-11-23', '06:21:04', '0715777896'),
	(407, 'logged out', '2024-11-23', '06:21:51', '0715777896'),
	(408, 'logged in', '2024-11-23', '06:21:57', '0715777896'),
	(409, 'logged out', '2024-11-23', '06:22:21', '0715777896'),
	(410, 'logged in', '2024-11-23', '06:22:29', '0715777896'),
	(411, 'logged out', '2024-11-23', '06:25:08', '0715777896'),
	(412, 'logged in', '2024-11-23', '06:25:16', '0715777896'),
	(413, 'menu item updated', '2024-11-23', '06:25:28', '0715777896'),
	(414, 'menu item updated', '2024-11-23', '06:25:57', '0715777896'),
	(415, 'menu item status change', '2024-11-23', '06:26:44', '0715777896'),
	(416, 'menu item status change', '2024-11-23', '06:26:47', '0715777896'),
	(417, 'menu item status change', '2024-11-23', '06:26:48', '0715777896'),
	(418, 'menu item status change', '2024-11-23', '06:26:58', '0715777896'),
	(419, 'logged out', '2024-11-23', '06:27:29', '0715777896'),
	(420, 'logged in', '2024-11-23', '06:28:54', '0715777896'),
	(421, 'menu item status change', '2024-11-23', '06:29:01', '0715777896'),
	(422, 'menu item status change', '2024-11-23', '06:29:05', '0715777896'),
	(423, 'logged out', '2024-11-23', '06:36:06', '0715777896'),
	(424, 'logged in', '2024-11-23', '06:37:03', '0715777896'),
	(425, 'logged out', '2024-11-23', '06:40:52', '0715777896'),
	(426, 'logged in', '2024-11-23', '06:41:00', '0715777896'),
	(427, 'logged out', '2024-11-23', '06:46:57', '0715777896'),
	(428, 'logged in', '2024-11-23', '06:47:18', '0715777896'),
	(429, 'menu item added', '2024-11-23', '06:48:05', '0715777896'),
	(430, 'logged out', '2024-11-23', '07:52:24', '0715777896'),
	(431, 'logged in', '2024-11-23', '08:12:06', '0715777896'),
	(432, 'menu item updated', '2024-11-23', '08:13:49', '0715777896'),
	(433, 'menu item updated', '2024-11-23', '08:14:40', '0715777896'),
	(434, 'logged out', '2024-11-23', '08:26:46', '0715777896'),
	(435, 'logged in', '2024-11-23', '08:27:04', '0715777896'),
	(436, 'menu item updated', '2024-11-23', '08:32:17', '0715777896'),
	(437, 'logged out', '2024-11-23', '08:33:49', '0715777896'),
	(438, 'logged in', '2024-11-23', '08:34:37', '0715777896'),
	(439, 'logged out', '2024-11-23', '08:36:32', '0715777896'),
	(440, 'logged in', '2024-11-23', '09:05:19', '0715777896'),
	(441, 'menu item updated', '2024-11-23', '09:06:08', '0715777896'),
	(442, 'menu item updated', '2024-11-23', '09:07:50', '0715777896'),
	(443, 'logged out', '2024-11-23', '09:16:14', '0715777896'),
	(444, 'logged in', '2024-11-23', '09:16:21', '0715777896'),
	(445, 'logged out', '2024-11-23', '09:22:33', '0715777896'),
	(446, 'logged in', '2024-11-23', '09:22:39', '0715777896'),
	(447, 'logged out', '2024-11-23', '09:26:50', '0715777896'),
	(448, 'logged in', '2024-11-23', '09:26:55', '0715777896'),
	(449, 'logged out', '2024-11-23', '09:29:33', '0715777896'),
	(450, 'logged in', '2024-11-23', '09:29:38', '0715777896'),
	(451, 'menu item updated', '2024-11-23', '09:37:30', '0715777896'),
	(452, 'logged out', '2024-11-23', '09:38:10', '0715777896'),
	(453, 'logged out', '2024-11-23', '09:38:10', '0715777896'),
	(454, 'logged in', '2024-11-23', '09:38:13', '0715777896'),
	(455, 'logged out', '2024-11-23', '09:38:22', '0715777896'),
	(456, 'logged in', '2024-11-23', '09:38:29', '0715777896'),
	(457, 'logged out', '2024-11-23', '09:56:28', '0715777896'),
	(458, 'logged in', '2024-11-23', '09:56:35', '0715777896'),
	(459, 'menu item updated', '2024-11-23', '09:57:57', '0715777896'),
	(460, 'logged out', '2024-11-23', '10:13:35', '0715777896'),
	(461, 'logged in', '2024-11-23', '10:25:30', '0715777896'),
	(462, 'menu item updated', '2024-11-23', '10:26:27', '0715777896'),
	(463, 'logged out', '2024-11-23', '10:57:20', '0715777896'),
	(464, 'logged in', '2024-11-23', '10:57:28', '0715777896'),
	(465, 'menu item updated', '2024-11-23', '11:03:03', '0715777896'),
	(466, 'logged out', '2024-11-23', '11:10:50', '0715777896'),
	(467, 'logged in', '2024-11-23', '11:10:56', '0715777896'),
	(468, 'menu item updated', '2024-11-23', '11:12:09', '0715777896'),
	(469, 'menu item updated', '2024-11-23', '11:14:05', '0715777896'),
	(470, 'logged out', '2024-11-23', '11:23:29', '0715777896'),
	(471, 'logged in', '2024-11-23', '11:23:40', '0715777896'),
	(472, 'menu item status change', '2024-11-23', '11:23:48', '0715777896'),
	(473, 'logged out', '2024-11-23', '11:25:47', '0715777896'),
	(474, 'logged in', '2024-11-23', '11:25:55', '0715777896'),
	(475, 'menu item status change', '2024-11-23', '11:25:59', '0715777896'),
	(476, 'menu item status change', '2024-11-23', '11:26:10', '0715777896'),
	(477, 'menu item status change', '2024-11-23', '11:27:11', '0715777896'),
	(478, 'menu item added', '2024-11-23', '11:30:56', '0715777896'),
	(479, 'logged out', '2024-11-23', '11:38:27', '0715777896'),
	(480, 'logged in', '2024-11-23', '11:38:35', '0715777896'),
	(481, 'menu item added', '2024-11-23', '11:39:24', '0715777896'),
	(482, 'menu item added', '2024-11-23', '11:40:24', '0715777896'),
	(483, 'menu item status change', '2024-11-23', '11:59:49', '0715777896'),
	(484, 'menu item status change', '2024-11-23', '11:59:50', '0715777896'),
	(485, 'logged out', '2024-11-24', '12:00:47', '0715777896'),
	(486, 'logged in', '2024-11-24', '08:23:52', '0715777896'),
	(487, 'take away bill', '2024-11-24', '08:24:56', '0715777896'),
	(488, 'menu item added', '2024-11-24', '09:13:32', '0715777896'),
	(489, 'logged out', '2024-11-24', '09:15:42', '0715777896'),
	(490, 'logged in', '2024-11-24', '09:15:49', '0715777896'),
	(491, 'menu item status change', '2024-11-24', '09:23:04', '0715777896'),
	(492, 'menu item status change', '2024-11-24', '09:23:09', '0715777896'),
	(493, 'logged out', '2024-11-24', '09:26:19', '0715777896'),
	(494, 'logged in', '2024-11-24', '09:26:32', '0715777896'),
	(495, 'logged out', '2024-11-24', '09:34:45', '0715777896'),
	(496, 'logged in', '2024-11-24', '09:34:52', '0715777896'),
	(497, 'logged out', '2024-11-24', '09:49:33', '0715777896'),
	(498, 'logged in', '2024-11-24', '09:49:42', '0715777896'),
	(499, 'logged out', '2024-11-24', '09:50:31', '0715777896'),
	(500, 'logged in', '2024-11-24', '09:50:41', '0715777896'),
	(501, 'logged out', '2024-11-24', '09:58:43', '0715777896'),
	(502, 'logged in', '2024-11-24', '10:00:58', '0715777896'),
	(503, 'logged out', '2024-11-24', '10:01:25', '0715777896'),
	(504, 'logged in', '2024-11-24', '10:01:31', '0715777896'),
	(505, 'logged out', '2024-11-24', '10:09:16', '0715777896'),
	(506, 'logged in', '2024-11-24', '10:09:22', '0715777896'),
	(507, 'logged out', '2024-11-24', '10:31:30', '0715777896'),
	(508, 'logged in', '2024-11-24', '10:31:38', '0715777896'),
	(509, 'logged out', '2024-11-24', '10:41:34', '0715777896'),
	(510, 'logged in', '2024-11-24', '10:41:43', '0715777896'),
	(511, 'logged out', '2024-11-24', '10:46:29', '0715777896'),
	(512, 'logged in', '2024-11-24', '10:46:36', '0715777896'),
	(513, 'logged out', '2024-11-24', '10:48:05', '0715777896'),
	(514, 'logged in', '2024-11-24', '10:48:12', '0715777896'),
	(515, 'logged out', '2024-11-24', '10:49:16', '0715777896'),
	(516, 'logged in', '2024-11-24', '10:49:21', '0715777896'),
	(517, 'logged out', '2024-11-24', '10:50:20', '0715777896'),
	(518, 'logged out', '2024-11-24', '10:50:20', '0715777896'),
	(519, 'logged in', '2024-11-24', '12:36:59', '0715777896'),
	(520, 'logged out', '2024-11-24', '12:55:53', '0715777896'),
	(521, 'logged in', '2024-11-24', '12:55:59', '0715777896'),
	(522, 'logged out', '2024-11-24', '12:56:27', '0715777896'),
	(523, 'logged in', '2024-11-24', '12:57:07', '0715777896'),
	(524, 'logged out', '2024-11-24', '12:57:26', '0715777896'),
	(525, 'logged in', '2024-11-24', '12:57:48', '0715777896'),
	(526, 'logged out', '2024-11-24', '12:58:43', '0715777896'),
	(527, 'logged in', '2024-11-24', '12:58:49', '0715777896'),
	(528, 'logged out', '2024-11-24', '01:11:29', '0715777896'),
	(529, 'logged in', '2024-11-24', '01:11:36', '0715777896'),
	(530, 'logged out', '2024-11-24', '01:14:53', '0715777896'),
	(531, 'logged in', '2024-11-24', '01:20:14', '0715777896'),
	(532, 'logged out', '2024-11-24', '01:23:43', '0715777896'),
	(533, 'logged in', '2024-11-24', '01:24:06', '0715777896'),
	(534, 'menu item status change', '2024-11-24', '01:24:44', '0715777896'),
	(535, 'menu item status change', '2024-11-24', '01:24:49', '0715777896'),
	(536, 'menu item status change', '2024-11-24', '01:24:57', '0715777896'),
	(537, 'menu item status change', '2024-11-24', '01:25:05', '0715777896'),
	(538, 'logged out', '2024-11-24', '01:25:28', '0715777896'),
	(539, 'logged in', '2024-11-24', '03:38:38', '0715777896'),
	(540, 'logged out', '2024-11-24', '03:49:18', '0715777896'),
	(541, 'logged in', '2024-11-24', '03:49:24', '0715777896'),
	(542, 'logged in', '2024-11-24', '04:02:08', '0715777896'),
	(543, 'logged out', '2024-11-24', '04:04:18', '0715777896'),
	(544, 'logged out', '2024-11-24', '04:04:19', '0715777896'),
	(545, 'logged in', '2024-11-24', '06:24:19', '0715777896'),
	(546, 'logged out', '2024-11-24', '06:36:23', '0715777896'),
	(547, 'logged in', '2024-11-24', '06:39:51', '0715777896'),
	(548, 'logged out', '2024-11-24', '06:43:46', '0715777896'),
	(549, 'logged in', '2024-11-24', '06:43:56', '0715777896'),
	(550, 'logged out', '2024-11-24', '06:44:50', '0715777896'),
	(551, 'logged in', '2024-11-24', '06:45:21', '0715777896'),
	(552, 'logged out', '2024-11-24', '07:59:24', '0715777896'),
	(553, 'logged in', '2024-11-24', '08:04:23', '0715777896'),
	(554, 'logged out', '2024-11-24', '08:19:13', '0715777896'),
	(555, 'logged in', '2024-11-24', '08:19:21', '0715777896'),
	(556, 'logged out', '2024-11-24', '08:23:33', '0715777896'),
	(557, 'logged in', '2024-11-24', '08:23:39', '0715777896'),
	(558, 'logged out', '2024-11-24', '08:35:45', '0715777896'),
	(559, 'logged in', '2024-11-24', '08:35:50', '0715777896'),
	(560, 'logged out', '2024-11-24', '08:56:57', '0715777896'),
	(561, 'logged in', '2024-11-24', '08:57:03', '0715777896'),
	(562, 'logged out', '2024-11-24', '09:01:37', '0715777896'),
	(563, 'logged in', '2024-11-24', '09:01:46', '0715777896'),
	(564, 'grn added', '2024-11-24', '09:30:20', '0715777896'),
	(565, 'take away bill', '2024-11-24', '09:37:11', '0715777896'),
	(566, 'logged out', '2024-11-24', '09:43:32', '0715777896'),
	(567, 'logged in', '2024-11-24', '09:43:39', '0715777896'),
	(568, 'logged out', '2024-11-24', '09:46:49', '0715777896'),
	(569, 'logged in', '2024-11-24', '09:47:01', '0715777896'),
	(570, 'menu item status change', '2024-11-24', '09:49:28', '0715777896'),
	(571, 'logged out', '2024-11-24', '10:00:27', '0715777896'),
	(572, 'logged in', '2024-11-24', '10:00:34', '0715777896'),
	(573, 'logged out', '2024-11-24', '10:55:17', '0715777896'),
	(574, 'logged in', '2024-11-24', '11:18:20', '0715777896'),
	(575, 'logged out', '2024-11-24', '11:24:04', '0715777896'),
	(576, 'logged in', '2024-11-24', '11:31:16', '0715777896'),
	(577, 'logged out', '2024-11-24', '11:33:43', '0715777896'),
	(578, 'logged in', '2024-11-25', '06:02:07', '0715777896'),
	(579, 'menu item updated', '2024-11-25', '06:10:43', '0715777896'),
	(580, 'logged out', '2024-11-25', '06:18:03', '0715777896'),
	(581, 'logged in', '2024-11-25', '06:18:13', '0715777896'),
	(582, 'logged out', '2024-11-25', '06:24:29', '0715777896'),
	(583, 'logged in', '2024-11-25', '06:24:35', '0715777896'),
	(584, 'pre order status updated', '2024-11-25', '06:25:18', '0715777896'),
	(585, 'pre order status updated', '2024-11-25', '06:26:11', '0715777896'),
	(586, 'pre order status updated', '2024-11-25', '06:26:16', '0715777896'),
	(587, 'pre order status updated', '2024-11-25', '06:26:30', '0715777896'),
	(588, 'pre order status updated', '2024-11-25', '06:28:03', '0715777896'),
	(589, 'pre order status updated', '2024-11-25', '06:28:37', '0715777896'),
	(590, 'pre order status updated', '2024-11-25', '06:29:06', '0715777896'),
	(591, 'reservation status updated', '2024-11-25', '06:34:22', '0715777896'),
	(592, 'pre order status updated', '2024-11-25', '06:34:58', '0715777896'),
	(593, 'dine in bill', '2024-11-25', '06:36:18', '0715777896'),
	(594, 'logged out', '2024-11-25', '07:04:55', '0715777896'),
	(595, 'logged in', '2024-11-25', '07:05:04', '0715777896'),
	(596, 'logged out', '2024-11-25', '07:05:24', '0715777896'),
	(597, 'logged out', '2024-11-25', '07:05:24', '0715777896'),
	(598, 'logged in', '2024-11-25', '07:05:26', '0715777896'),
	(599, 'logged out', '2024-11-25', '07:07:09', '0715777896'),
	(600, 'logged in', '2024-11-25', '07:07:15', '0715777896'),
	(601, 'logged out', '2024-11-25', '07:10:23', '0715777896'),
	(602, 'logged in', '2024-11-25', '07:10:29', '0715777896'),
	(603, 'logged out', '2024-11-25', '07:41:07', '0715777896'),
	(604, 'logged in', '2024-11-25', '07:41:14', '0715777896'),
	(605, 'logged out', '2024-11-25', '07:42:44', '0715777896'),
	(606, 'logged in', '2024-11-25', '07:42:51', '0715777896'),
	(607, 'logged out', '2024-11-25', '07:44:24', '0715777896'),
	(608, 'logged in', '2024-11-25', '07:44:32', '0715777896'),
	(609, 'logged out', '2024-11-25', '08:00:24', '0715777896'),
	(610, 'logged in', '2024-11-25', '08:01:18', '0715777896'),
	(611, 'logged out', '2024-11-25', '08:03:14', '0715777896'),
	(612, 'logged in', '2024-11-25', '08:03:45', '0715777896'),
	(613, 'logged out', '2024-11-25', '08:04:17', '0715777896'),
	(614, 'logged in', '2024-11-25', '08:04:23', '0715777896'),
	(615, 'logged out', '2024-11-25', '08:11:02', '0715777896'),
	(616, 'logged in', '2024-11-25', '08:11:10', '0715777896'),
	(617, 'logged out', '2024-11-25', '08:13:02', '0715777896'),
	(618, 'logged in', '2024-11-25', '08:13:08', '0715777896'),
	(619, 'logged out', '2024-11-25', '08:14:14', '0715777896'),
	(620, 'logged in', '2024-11-25', '08:14:20', '0715777896'),
	(621, 'logged out', '2024-11-25', '08:14:51', '0715777896'),
	(622, 'logged in', '2024-11-25', '08:14:56', '0715777896'),
	(623, 'logged out', '2024-11-25', '08:17:49', '0715777896'),
	(624, 'logged in', '2024-11-25', '08:17:55', '0715777896'),
	(625, 'menu item status change', '2024-11-25', '08:19:09', '0715777896'),
	(626, 'logged out', '2024-11-25', '08:21:38', '0715777896'),
	(627, 'logged in', '2024-11-25', '10:04:33', '0715777896'),
	(628, 'logged out', '2024-11-25', '10:05:05', '0715777896'),
	(629, 'logged in', '2024-11-25', '10:07:42', '0715777896'),
	(630, 'logged out', '2024-11-25', '10:20:30', '0715777896'),
	(631, 'logged in', '2024-11-25', '10:20:38', '0715777896'),
	(632, 'logged out', '2024-11-25', '10:46:46', '0715777896'),
	(633, 'logged in', '2024-11-25', '10:46:59', '0715777896'),
	(634, 'settle due grn', '2024-11-25', '10:47:38', '0715777896'),
	(635, 'settle due grn', '2024-11-25', '10:48:45', '0715777896'),
	(636, 'logged out', '2024-11-25', '10:53:28', '0715777896'),
	(637, 'logged in', '2024-11-25', '10:53:34', '0715777896'),
	(638, 'logged out', '2024-11-25', '10:55:12', '0715777896'),
	(639, 'logged in', '2024-11-25', '10:55:18', '0715777896'),
	(640, 'logged out', '2024-11-25', '11:08:57', '0715777896'),
	(641, 'logged in', '2024-11-25', '11:09:03', '0715777896'),
	(642, 'logged out', '2024-11-25', '11:11:02', '0715777896'),
	(643, 'logged in', '2024-11-25', '11:11:08', '0715777896'),
	(644, 'logged out', '2024-11-25', '11:14:52', '0715777896'),
	(645, 'logged in', '2024-11-25', '11:14:59', '0715777896'),
	(646, 'logged out', '2024-11-25', '11:16:15', '0715777896'),
	(647, 'logged in', '2024-11-25', '11:16:20', '0715777896'),
	(648, 'logged out', '2024-11-25', '11:23:18', '0715777896'),
	(649, 'logged out', '2024-11-25', '11:23:18', '0715777896'),
	(650, 'logged in', '2024-11-25', '11:23:31', '0774798940'),
	(651, 'logged out', '2024-11-25', '11:23:48', '0774798940'),
	(652, 'logged out', '2024-11-25', '11:23:49', '0774798940'),
	(653, 'logged in', '2024-11-25', '11:23:52', '0715777896'),
	(654, 'logged out', '2024-11-25', '11:29:28', '0715777896'),
	(655, 'logged in', '2024-11-25', '11:29:34', '0715777896'),
	(656, 'logged out', '2024-11-25', '11:30:11', '0715777896'),
	(657, 'logged in', '2024-11-25', '11:30:17', '0715777896'),
	(658, 'logged out', '2024-11-25', '11:30:45', '0715777896'),
	(659, 'logged out', '2024-11-25', '11:30:45', '0715777896'),
	(660, 'logged in', '2024-11-25', '11:31:05', '0774798940'),
	(661, 'logged out', '2024-11-25', '11:35:02', '0774798940'),
	(662, 'logged out', '2024-11-25', '11:35:02', '0774798940'),
	(663, 'logged in', '2024-11-25', '11:54:27', '0715777896'),
	(664, 'logged out', '2024-11-25', '11:54:31', '0715777896'),
	(665, 'logged in', '2024-11-25', '11:57:00', '0715777896'),
	(666, 'logged out', '2024-11-25', '11:57:16', '0715777896'),
	(667, 'logged out', '2024-11-25', '11:57:16', '0715777896'),
	(668, 'logged in', '2024-11-25', '11:57:24', '0774798940'),
	(669, 'logged in', '2024-11-25', '01:51:26', '0715777896'),
	(670, 'logged out', '2024-11-25', '04:25:28', '0715777896'),
	(671, 'logged in', '2024-11-25', '04:50:08', '0715777896'),
	(672, 'logged out', '2024-11-25', '05:17:12', '0715777896'),
	(673, 'logged in', '2024-11-25', '05:17:23', '0715777896'),
	(674, 'logged out', '2024-11-25', '05:26:28', '0715777896'),
	(675, 'logged in', '2024-11-25', '05:26:38', '0715777896'),
	(676, 'logged out', '2024-11-25', '06:26:34', '0715777896'),
	(677, 'logged in', '2024-11-25', '06:26:42', '0715777896'),
	(678, 'logged out', '2024-11-25', '06:37:45', '0715777896'),
	(679, 'logged in', '2024-11-25', '06:37:51', '0715777896'),
	(680, 'logged out', '2024-11-25', '06:38:46', '0715777896'),
	(681, 'logged in', '2024-11-25', '06:41:35', '0715777896'),
	(682, 'logged out', '2024-11-25', '06:43:01', '0715777896'),
	(683, 'logged in', '2024-11-25', '06:43:07', '0715777896'),
	(684, 'business details updated', '2024-11-25', '07:06:21', '0715777896'),
	(685, 'logged in', '2024-11-25', '08:19:03', '0715777896'),
	(686, 'logged out', '2024-11-25', '08:19:48', '0715777896'),
	(687, 'logged in', '2024-11-25', '08:19:55', '0715777896'),
	(688, 'menu item added', '2024-11-25', '08:33:41', '0715777896'),
	(689, 'logged out', '2024-11-25', '08:34:00', '0715777896'),
	(690, 'logged out', '2024-11-25', '08:34:07', '0715777896'),
	(691, 'logged in', '2024-11-25', '08:34:11', '0715777896'),
	(692, 'grn added', '2024-11-25', '08:35:47', '0715777896'),
	(693, 'menu item status change', '2024-11-25', '08:37:28', '0715777896'),
	(694, 'menu item status change', '2024-11-25', '08:37:35', '0715777896'),
	(695, 'logged out', '2024-11-25', '10:04:09', '0715777896'),
	(696, 'logged in', '2024-11-25', '10:04:11', '0715777896'),
	(697, 'logged out', '2024-11-25', '10:05:30', '0715777896'),
	(698, 'logged in', '2024-11-25', '10:05:36', '0715777896'),
	(699, 'logged out', '2024-11-25', '10:07:09', '0715777896'),
	(700, 'logged in', '2024-11-25', '10:07:15', '0715777896'),
	(701, 'logged out', '2024-11-25', '10:09:36', '0715777896'),
	(702, 'logged in', '2024-11-25', '10:09:44', '0715777896'),
	(703, 'logged out', '2024-11-25', '10:45:45', '0715777896'),
	(704, 'logged in', '2024-11-26', '08:07:23', '0715777896'),
	(705, 'take away bill', '2024-11-26', '02:37:49', '0715777896'),
	(706, 'logged out', '2024-11-26', '02:41:24', '0715777896'),
	(707, 'logged out', '2024-11-26', '02:41:24', '0715777896'),
	(708, 'logged in', '2024-11-26', '02:41:27', '0715777896'),
	(709, 'logged out', '2024-11-26', '02:41:32', '0715777896'),
	(710, 'logged out', '2024-11-26', '02:41:32', '0715777896'),
	(711, 'logged in', '2024-11-26', '02:41:37', '0774512963'),
	(712, 'take away bill', '2024-11-26', '02:41:54', '0774512963'),
	(713, 'take away bill', '2024-11-26', '02:42:06', '0774512963'),
	(714, 'logged in', '2024-11-26', '02:48:21', '0715777896'),
	(715, 'logged out', '2024-11-26', '02:51:32', '0715777896'),
	(716, 'logged in', '2024-11-26', '02:52:51', '0715777896'),
	(717, 'logged out', '2024-11-26', '03:51:24', '0715777896'),
	(718, 'logged in', '2024-11-26', '03:51:27', '0715777896'),
	(719, 'logged out', '2024-11-26', '03:54:01', '0715777896'),
	(720, 'logged in', '2024-11-26', '03:56:40', '0715777896'),
	(721, 'logged out', '2024-11-26', '06:24:21', '0715777896'),
	(722, 'logged in', '2024-11-26', '06:24:29', '0715777896'),
	(723, 'logged out', '2024-11-26', '06:49:22', '0715777896'),
	(724, 'logged in', '2024-11-27', '08:09:55', '0715777896'),
	(725, 'logged out', '2024-11-27', '08:58:24', '0715777896'),
	(726, 'logged in', '2024-11-27', '08:58:40', '0715777896'),
	(727, 'logged out', '2024-11-27', '09:02:57', '0715777896'),
	(728, 'logged in', '2024-11-27', '01:17:03', '0715777896'),
	(729, 'logged out', '2024-11-27', '01:44:11', '0715777896'),
	(730, 'logged in', '2024-11-27', '11:21:28', '0715777896'),
	(731, 'logged out', '2024-11-27', '11:23:16', '0715777896'),
	(732, 'logged in', '2024-11-28', '07:01:12', '0715777896'),
	(733, 'logged out', '2024-11-28', '07:01:56', '0715777896'),
	(734, 'logged out', '2024-11-28', '07:01:57', '0715777896'),
	(735, 'logged in', '2024-11-28', '07:02:03', '0774512963'),
	(736, 'dine in bill', '2024-11-28', '07:04:15', '0774512963'),
	(737, 'logged out', '2024-11-28', '07:05:35', '0774512963'),
	(738, 'logged out', '2024-11-28', '07:05:36', '0774512963'),
	(739, 'logged in', '2024-11-28', '07:05:39', '0715777896'),
	(740, 'logged out', '2024-11-28', '07:08:06', '0715777896'),
	(741, 'logged in', '2024-11-28', '07:09:00', '0715777896'),
	(742, 'logged out', '2024-11-28', '07:11:59', '0715777896'),
	(743, 'logged in', '2024-11-28', '07:12:07', '0715777896'),
	(744, 'logged out', '2024-11-28', '07:14:01', '0715777896'),
	(745, 'logged in', '2024-11-28', '07:14:07', '0715777896'),
	(746, 'logged out', '2024-11-28', '07:14:38', '0715777896'),
	(747, 'logged in', '2024-11-28', '07:14:44', '0715777896'),
	(748, 'logged out', '2024-11-28', '07:48:21', '0715777896'),
	(749, 'logged in', '2024-11-28', '07:48:23', '0715777896'),
	(750, 'logged out', '2024-11-28', '09:12:20', '0715777896'),
	(751, 'logged in', '2024-11-28', '09:12:28', '0715777896'),
	(752, 'logged out', '2024-11-28', '09:21:05', '0715777896'),
	(753, 'logged in', '2024-11-28', '09:22:09', '0715777896'),
	(754, 'logged out', '2024-11-28', '09:48:14', '0715777896'),
	(755, 'logged in', '2024-11-28', '09:48:27', '0715777896'),
	(756, 'logged out', '2024-11-28', '09:51:03', '0715777896'),
	(757, 'logged in', '2024-11-28', '10:09:00', '0715777896'),
	(758, 'logged in', '2024-11-28', '10:52:01', '0715777896'),
	(759, 'logged out', '2024-11-28', '10:53:37', '0715777896'),
	(760, 'logged in', '2024-11-28', '10:56:10', '0715777896'),
	(761, 'logged out', '2024-11-28', '10:57:13', '0715777896'),
	(762, 'logged in', '2024-11-28', '11:00:04', '0715777896'),
	(763, 'logged out', '2024-11-28', '11:01:48', '0715777896'),
	(764, 'logged in', '2024-11-28', '11:07:40', '0715777896'),
	(765, 'logged out', '2024-11-28', '11:08:50', '0715777896'),
	(766, 'logged out', '2024-11-28', '11:08:50', '0715777896'),
	(767, 'logged in', '2024-11-28', '12:09:55', '0715777896'),
	(768, 'logged out', '2024-11-28', '12:11:00', '0715777896'),
	(769, 'logged in', '2024-11-28', '12:13:44', '0715777896'),
	(770, 'logged out', '2024-11-28', '12:13:49', '0715777896'),
	(771, 'logged in', '2024-11-28', '12:14:02', '0715777896'),
	(772, 'menu item updated', '2024-11-28', '12:16:02', '0715777896'),
	(773, 'logged out', '2024-11-28', '12:40:37', '0715777896'),
	(774, 'logged in', '2024-11-28', '12:42:27', '0715777896'),
	(775, 'logged out', '2024-11-28', '12:52:14', '0715777896'),
	(776, 'logged in', '2024-11-28', '12:53:12', '0715777896'),
	(777, 'take away bill', '2024-11-28', '12:53:34', '0715777896'),
	(778, 'logged out', '2024-11-28', '12:54:43', '0715777896'),
	(779, 'logged in', '2024-11-28', '12:55:34', '0715777896'),
	(780, 'logged out', '2024-11-28', '02:03:50', '0715777896'),
	(781, 'logged in', '2024-11-28', '02:04:27', '0715777896'),
	(782, 'dine in bill', '2024-11-28', '02:05:57', '0715777896'),
	(783, 'pre order bill', '2024-11-28', '02:06:15', '0715777896'),
	(784, 'reservation bill', '2024-11-28', '02:06:50', '0715777896'),
	(785, 'logged out', '2024-11-28', '02:08:46', '0715777896'),
	(786, 'logged in', '2024-11-28', '02:09:05', '0715777896'),
	(787, 'logged out', '2024-11-28', '02:09:18', '0715777896'),
	(788, 'logged in', '2024-11-28', '03:59:41', '0715777896'),
	(789, 'logged out', '2024-11-28', '03:59:51', '0715777896'),
	(790, 'logged in', '2024-11-28', '06:07:37', '0715777896'),
	(791, 'logged out', '2024-11-28', '06:07:57', '0715777896'),
	(792, 'logged in', '2024-11-28', '06:08:14', '0715777896'),
	(793, 'logged out', '2024-11-28', '06:09:55', '0715777896'),
	(794, 'logged in', '2024-12-04', '09:42:05', '0715777896'),
	(795, 'logged out', '2024-12-04', '09:44:23', '0715777896'),
	(796, 'logged in', '2024-12-17', '10:08:05', '0715777896'),
	(797, 'logged out', '2024-12-17', '10:08:53', '0715777896'),
	(798, 'logged in', '2025-01-01', '12:29:08', '0715777896'),
	(799, 'logged out', '2025-01-01', '12:47:12', '0715777896'),
	(800, 'logged out', '2025-01-01', '12:47:13', '0715777896'),
	(801, 'logged in', '2025-01-01', '12:47:17', '0774512963'),
	(802, 'take away bill', '2025-01-01', '12:48:00', '0774512963'),
	(803, 'logged out', '2025-01-01', '12:52:06', '0774512963'),
	(804, 'logged out', '2025-01-01', '12:52:06', '0774512963'),
	(805, 'logged in', '2025-01-01', '12:52:09', '0715777896'),
	(806, 'menu item status change', '2025-01-01', '12:57:24', '0715777896'),
	(807, 'menu item status change', '2025-01-01', '12:57:26', '0715777896'),
	(808, 'logged out', '2025-01-01', '04:05:58', '0715777896'),
	(809, 'logged in', '2025-01-01', '04:10:57', '0715777896'),
	(810, 'logged out', '2025-01-01', '04:11:05', '0715777896'),
	(811, 'logged in', '2025-01-01', '04:11:54', '0715777896'),
	(812, 'logged out', '2025-01-01', '04:12:21', '0715777896'),
	(813, 'logged in', '2025-01-01', '05:13:48', '0715777896'),
	(814, 'take away bill', '2025-01-01', '10:57:14', '0715777896'),
	(815, 'logged out', '2025-01-02', '12:17:05', '0715777896'),
	(816, 'logged in', '2025-01-04', '12:35:09', '0715777896'),
	(817, 'logged out', '2025-01-04', '12:54:26', '0715777896'),
	(818, 'logged in', '2025-01-04', '01:39:37', '0715777896'),
	(819, 'logged out', '2025-01-04', '01:52:09', '0715777896'),
	(820, 'logged in', '2025-01-04', '02:17:56', '0715777896'),
	(821, 'logged out', '2025-01-04', '02:48:52', '0715777896'),
	(822, 'logged in', '2025-01-04', '02:49:02', '0715777896'),
	(823, 'menu item updated', '2025-01-04', '02:56:35', '0715777896'),
	(824, 'logged out', '2025-01-04', '03:05:02', '0715777896'),
	(825, 'logged in', '2025-01-04', '03:23:50', '0715777896'),
	(826, 'take away bill', '2025-01-04', '04:13:33', '0715777896'),
	(827, 'logged out', '2025-01-04', '04:16:48', '0715777896'),
	(828, 'logged in', '2025-01-04', '04:24:43', '0715777896'),
	(829, 'logged out', '2025-01-04', '04:27:43', '0715777896'),
	(830, 'logged in', '2025-01-04', '04:30:48', '0715777896'),
	(831, 'menu item updated', '2025-01-04', '04:43:02', '0715777896'),
	(832, 'menu item updated', '2025-01-04', '05:08:36', '0715777896'),
	(833, 'logged out', '2025-01-04', '05:12:59', '0715777896'),
	(834, 'logged out', '2025-01-04', '05:12:59', '0715777896'),
	(835, 'logged in', '2025-01-04', '05:13:02', '0715777896'),
	(836, 'logged in', '2025-01-04', '05:15:33', '0715777896'),
	(837, 'logged out', '2025-01-04', '05:15:59', '0715777896'),
	(838, 'logged out', '2025-01-04', '05:16:50', '0715777896'),
	(839, 'logged in', '2025-01-04', '05:22:21', '0774512963'),
	(840, 'logged out', '2025-01-04', '05:22:27', '0774512963'),
	(841, 'logged out', '2025-01-04', '05:22:27', '0774512963'),
	(842, 'logged in', '2025-01-04', '05:22:37', '0715777896'),
	(843, 'logged out', '2025-01-04', '05:22:49', '0715777896'),
	(844, 'logged in', '2025-01-04', '05:23:32', '0715777896'),
	(845, 'logged out', '2025-01-04', '05:23:47', '0715777896'),
	(846, 'logged in', '2025-01-04', '05:36:37', '0715777896'),
	(847, 'logged out', '2025-01-04', '07:15:54', '0715777896'),
	(848, 'logged in', '2025-01-04', '07:24:37', '0715777896'),
	(849, 'logged out', '2025-01-04', '07:25:13', '0715777896'),
	(850, 'logged in', '2025-01-04', '08:21:47', '0715777896'),
	(851, 'menu item status change', '2025-01-04', '09:07:52', '0715777896'),
	(852, 'logged out', '2025-01-04', '10:44:45', '0715777896'),
	(853, 'logged in', '2025-01-04', '10:44:58', '0715777896'),
	(854, 'logged in', '2025-01-05', '07:07:45', '0715777896'),
	(855, 'logged out', '2025-01-05', '07:07:48', '0715777896'),
	(856, 'logged out', '2025-01-05', '07:08:12', '0715777896');

-- Dumping structure for table cafe_db.brand
CREATE TABLE IF NOT EXISTS `brand` (
  `id` int NOT NULL AUTO_INCREMENT,
  `name` varchar(45) DEFAULT NULL,
  PRIMARY KEY (`id`)
) ENGINE=InnoDB AUTO_INCREMENT=9 DEFAULT CHARSET=utf8mb3;

-- Dumping data for table cafe_db.brand: ~8 rows (approximately)
INSERT INTO `brand` (`id`, `name`) VALUES
	(0, 'Unbranded'),
	(1, 'Cafe'),
	(2, 'Highland'),
	(3, 'Cargils'),
	(4, 'ElephantHouse'),
	(5, 'Coca Cola'),
	(7, 'Pepsi'),
	(8, 'Redbull');

-- Dumping structure for table cafe_db.customer
CREATE TABLE IF NOT EXISTS `customer` (
  `mobile` varchar(10) NOT NULL,
  `name` varchar(45) NOT NULL,
  PRIMARY KEY (`mobile`)
) ENGINE=InnoDB DEFAULT CHARSET=utf8mb3;

-- Dumping data for table cafe_db.customer: ~6 rows (approximately)
INSERT INTO `customer` (`mobile`, `name`) VALUES
	('0714152963', ' Manoohari'),
	('0714512126', 'Prabath'),
	('0714785963', 'Samani'),
	('0774512963', 'Kamal'),
	('0774512967', 'Gamage'),
	('unknown', 'unknown');

-- Dumping structure for table cafe_db.damage_stock_state
CREATE TABLE IF NOT EXISTS `damage_stock_state` (
  `id` int NOT NULL AUTO_INCREMENT,
  `name` varchar(45) DEFAULT NULL,
  PRIMARY KEY (`id`)
) ENGINE=InnoDB AUTO_INCREMENT=4 DEFAULT CHARSET=utf8mb3;

-- Dumping data for table cafe_db.damage_stock_state: ~3 rows (approximately)
INSERT INTO `damage_stock_state` (`id`, `name`) VALUES
	(1, 'Returned'),
	(2, 'Disposed'),
	(3, 'Seperated');

-- Dumping structure for table cafe_db.dine_in
CREATE TABLE IF NOT EXISTS `dine_in` (
  `invoice_id` varchar(20) NOT NULL,
  `table_id` varchar(10) NOT NULL,
  PRIMARY KEY (`invoice_id`,`table_id`),
  KEY `fk_invoice_has_table_table1_idx` (`table_id`),
  KEY `fk_invoice_has_table_invoice1_idx` (`invoice_id`),
  CONSTRAINT `fk_invoice_has_table_invoice1` FOREIGN KEY (`invoice_id`) REFERENCES `invoice` (`id`),
  CONSTRAINT `fk_invoice_has_table_table1` FOREIGN KEY (`table_id`) REFERENCES `table` (`id`)
) ENGINE=InnoDB DEFAULT CHARSET=utf8mb3;

-- Dumping data for table cafe_db.dine_in: ~0 rows (approximately)

-- Dumping structure for table cafe_db.direct_invoice_item
CREATE TABLE IF NOT EXISTS `direct_invoice_item` (
  `invoice_id` varchar(20) NOT NULL,
  `direct_selling_stock_id` int NOT NULL,
  `qty` int DEFAULT NULL,
  `selling_price` double DEFAULT NULL,
  `discount` double DEFAULT NULL,
  PRIMARY KEY (`invoice_id`,`direct_selling_stock_id`),
  KEY `fk_invoice_has_direct_selling_stock_direct_selling_stock1_idx` (`direct_selling_stock_id`),
  KEY `fk_invoice_has_direct_selling_stock_invoice1_idx` (`invoice_id`),
  CONSTRAINT `fk_invoice_has_direct_selling_stock_direct_selling_stock1` FOREIGN KEY (`direct_selling_stock_id`) REFERENCES `direct_selling_stock` (`id`),
  CONSTRAINT `fk_invoice_has_direct_selling_stock_invoice1` FOREIGN KEY (`invoice_id`) REFERENCES `invoice` (`id`)
) ENGINE=InnoDB DEFAULT CHARSET=utf8mb3;

-- Dumping data for table cafe_db.direct_invoice_item: ~66 rows (approximately)
INSERT INTO `direct_invoice_item` (`invoice_id`, `direct_selling_stock_id`, `qty`, `selling_price`, `discount`) VALUES
	('896_1716992863665', 2, 2, 180, 0),
	('896_1716993236803', 1, 1, 180, 18),
	('896_1716993236803', 2, 1, 180, 0),
	('896_1716993558390', 2, 1, 180, 0),
	('896_1716995208695', 2, 1, 180, 0),
	('896_1717002641579', 1, 1, 180, 18),
	('896_1717002641579', 2, 1, 180, 0),
	('896_1717010057182', 2, 1, 180, 0),
	('896_1717010511605', 1, 1, 180, 18),
	('896_1717010810728', 1, 2, 180, 18),
	('896_1717027691419', 2, 1, 180, 0),
	('896_1717134275481', 1, 1, 180, 18),
	('896_1717147749401', 6, 2, 300, 0),
	('896_1717147749401', 7, 2, 300, 0),
	('896_1717592831065', 7, 1, 300, 0),
	('896_1717769507972', 4, 1, 50, 0),
	('896_1717769507972', 7, 1, 300, 0),
	('896_1718388368166', 1, 2, 180, 18),
	('896_1718608844917', 2, 1, 230, 0),
	('896_1718608844917', 6, 1, 300, 0),
	('896_1718608914245', 2, 3, 230, 0),
	('896_1718609857628', 7, 1, 300, 0),
	('896_1718610439737', 1, 1, 220, 22),
	('896_1718610439737', 6, 1, 300, 0),
	('896_1718728345957', 6, 1, 300, 0),
	('896_1718921313806', 1, 3, 180, 18),
	('896_1718921588281', 3, 1, 50, 0),
	('896_1718997686966', 1, 1, 180, 18),
	('896_1718997686966', 2, 1, 180, 0),
	('896_1718997819699', 5, 1, 500, 0),
	('896_1718997819699', 6, 1, 300, 0),
	('896_1719543161193', 3, 3, 50, 0),
	('896_1720667146343', 7, 1, 300, 0),
	('896_1723222446330', 4, 1, 60, 0),
	('896_1723347130505', 5, 3, 180, 0),
	('896_1732209545836', 1, 1, 180, 18),
	('896_1732209545836', 3, 1, 80, 0),
	('896_1732209545836', 4, 1, 60, 0),
	('896_1732209545836', 5, 1, 180, 0),
	('896_1732209545836', 6, 1, 250, 0),
	('896_1732237281805', 2, 2, 180, 0),
	('896_1732245777074', 1, 1, 180, 18),
	('896_1732245777074', 2, 2, 180, 0),
	('896_1732245990538', 1, 2, 180, 18),
	('896_1732245990538', 2, 2, 180, 0),
	('896_1732246338673', 8, 1, 180, 18),
	('896_1732246338673', 9, 2, 180, 0),
	('896_1732246376866', 8, 2, 180, 18),
	('896_1732246376866', 9, 2, 180, 0),
	('896_1732464426947', 12, 1, 500, 0),
	('896_1732464426947', 14, 2, 150, 0),
	('896_1732496773641', 11, 2, 50, 0),
	('896_1732612068987', 8, 1, 220, 0),
	('896_1732612068987', 15, 1, 500, 0),
	('896_1732782957292', 14, 1, 160, 0),
	('963_1718459178363', 2, 1, 180, 0),
	('963_1718954814704', 5, 2, 500, 0),
	('963_1718960496791', 2, 4, 180, 0),
	('963_1718997056035', 1, 3, 180, 18),
	('963_1723185296577', 2, 2, 180, 0),
	('963_1723185296577', 3, 1, 80, 0),
	('963_1723185407573', 3, 4, 80, 0),
	('963_1723185407573', 4, 2, 60, 0),
	('963_1732209704883', 3, 1, 80, 0),
	('963_1732612326508', 8, 1, 220, 0),
	('963_1732612326508', 9, 1, 230, 0),
	('963_1732612326508', 13, 1, 300, 0),
	('963_1732757654313', 8, 1, 220, 0),
	('963_1732757654313', 9, 1, 230, 0),
	('963_1732757654313', 13, 2, 300, 0),
	('963_1735715879001', 15, 1, 500, 0);

-- Dumping structure for table cafe_db.direct_selling_damage_stock
CREATE TABLE IF NOT EXISTS `direct_selling_damage_stock` (
  `id` int NOT NULL AUTO_INCREMENT,
  `qty` double DEFAULT NULL,
  `damage_description` varchar(45) DEFAULT NULL,
  `added_date` date NOT NULL,
  `updated_date` date DEFAULT NULL,
  `direct_selling_stock_id` int NOT NULL,
  `damage_stock_state_id` int NOT NULL,
  PRIMARY KEY (`id`),
  KEY `fk_direct_selling_damage_stock_direct_selling_stock1_idx` (`direct_selling_stock_id`),
  KEY `fk_direct_selling_damage_stock_damage_stock_state1_idx` (`damage_stock_state_id`),
  CONSTRAINT `fk_direct_selling_damage_stock_damage_stock_state1` FOREIGN KEY (`damage_stock_state_id`) REFERENCES `damage_stock_state` (`id`),
  CONSTRAINT `fk_direct_selling_damage_stock_direct_selling_stock1` FOREIGN KEY (`direct_selling_stock_id`) REFERENCES `direct_selling_stock` (`id`)
) ENGINE=InnoDB AUTO_INCREMENT=14 DEFAULT CHARSET=utf8mb3;

-- Dumping data for table cafe_db.direct_selling_damage_stock: ~11 rows (approximately)
INSERT INTO `direct_selling_damage_stock` (`id`, `qty`, `damage_description`, `added_date`, `updated_date`, `direct_selling_stock_id`, `damage_stock_state_id`) VALUES
	(1, 5, 'Flyies found in it', '2024-06-04', '2024-08-09', 7, 2),
	(2, 2, 'Bad odur', '2024-06-04', '2024-06-04', 6, 1),
	(3, 5, 'It is bad', '2024-06-04', '2024-06-04', 3, 2),
	(5, 29, 'Expired stock', '2024-06-21', '2024-11-25', 4, 2),
	(7, 2, 'Coca cola expired', '2024-06-28', '2024-11-25', 1, 2),
	(8, 2, 'Damage Description', '2024-06-28', '2024-11-25', 2, 2),
	(9, 46, 'Expired', '2024-08-09', '2024-11-21', 3, 2),
	(10, 17, 'Expired', '2024-08-09', '2024-11-21', 5, 2),
	(11, 4, 'Expired', '2024-08-09', '2024-08-09', 6, 3),
	(12, 4, 'Expired', '2024-08-09', '2024-08-09', 7, 3),
	(13, 26, 'Bad color', '2024-11-22', '2024-11-22', 10, 3);

-- Dumping structure for table cafe_db.direct_selling_grn
CREATE TABLE IF NOT EXISTS `direct_selling_grn` (
  `id` varchar(20) NOT NULL,
  `date` date DEFAULT NULL,
  `total` double DEFAULT NULL,
  `supplier_mobile` varchar(10) NOT NULL,
  `payment_method_id` int NOT NULL,
  `user_mobile` varchar(10) NOT NULL,
  `paid_amount` double NOT NULL,
  PRIMARY KEY (`id`),
  KEY `fk_direct_selling_grn_supplier1_idx` (`supplier_mobile`),
  KEY `fk_direct_selling_grn_payment_method1_idx` (`payment_method_id`),
  KEY `fk_direct_selling_grn_user1_idx` (`user_mobile`),
  CONSTRAINT `fk_direct_selling_grn_payment_method1` FOREIGN KEY (`payment_method_id`) REFERENCES `payment_method` (`id`),
  CONSTRAINT `fk_direct_selling_grn_supplier1` FOREIGN KEY (`supplier_mobile`) REFERENCES `supplier` (`mobile`),
  CONSTRAINT `fk_direct_selling_grn_user1` FOREIGN KEY (`user_mobile`) REFERENCES `user` (`mobile`)
) ENGINE=InnoDB DEFAULT CHARSET=utf8mb3;

-- Dumping data for table cafe_db.direct_selling_grn: ~6 rows (approximately)
INSERT INTO `direct_selling_grn` (`id`, `date`, `total`, `supplier_mobile`, `payment_method_id`, `user_mobile`, `paid_amount`) VALUES
	('1', '2024-05-31', 15000, '0771112223', 1, '0715777896', 15000),
	('GRN-1722883398956', '2024-08-06', 5000, '0771112223', 2, '0715777896', 5000),
	('GRN-1722884543698', '2024-08-06', 1800, '0763332221', 1, '0715777896', 1000),
	('GRN-1723187437410', '2024-08-09', 6000, '0771112223', 2, '0715777896', 6000),
	('GRN-1732464019811', '2024-11-24', 14000, '0771112223', 1, '0715777896', 10000),
	('GRN-1732547147474', '2024-11-25', 20000, '0771112223', 2, '0715777896', 20000);

-- Dumping structure for table cafe_db.direct_selling_grn_item
CREATE TABLE IF NOT EXISTS `direct_selling_grn_item` (
  `id` int NOT NULL AUTO_INCREMENT,
  `purchase_price` double DEFAULT NULL,
  `qty` varchar(45) DEFAULT NULL,
  `direct_selling_stock_id` int NOT NULL,
  `direct_selling_grn_id` varchar(20) NOT NULL,
  PRIMARY KEY (`id`),
  KEY `fk_direct_selling_grn_item_direct_selling_stock1_idx` (`direct_selling_stock_id`),
  KEY `fk_direct_selling_grn_item_direct_selling_grn1_idx` (`direct_selling_grn_id`),
  CONSTRAINT `fk_direct_selling_grn_item_direct_selling_grn1` FOREIGN KEY (`direct_selling_grn_id`) REFERENCES `direct_selling_grn` (`id`),
  CONSTRAINT `fk_direct_selling_grn_item_direct_selling_stock1` FOREIGN KEY (`direct_selling_stock_id`) REFERENCES `direct_selling_stock` (`id`)
) ENGINE=InnoDB AUTO_INCREMENT=17 DEFAULT CHARSET=utf8mb3;

-- Dumping data for table cafe_db.direct_selling_grn_item: ~16 rows (approximately)
INSERT INTO `direct_selling_grn_item` (`id`, `purchase_price`, `qty`, `direct_selling_stock_id`, `direct_selling_grn_id`) VALUES
	(1, 100, '20', 1, '1'),
	(2, 100, '20', 2, '1'),
	(3, 30, '50', 3, '1'),
	(4, 30, '30', 4, '1'),
	(5, 400, '10', 5, '1'),
	(6, 200, '10', 6, '1'),
	(7, 200, '10', 7, '1'),
	(8, 100, '20.0', 8, 'GRN-1722883398956'),
	(9, 100, '30.0', 9, 'GRN-1722883398956'),
	(10, 30, '30.0', 10, 'GRN-1722884543698'),
	(11, 30, '30.0', 11, 'GRN-1722884543698'),
	(12, 100, '20.0', 12, 'GRN-1723187437410'),
	(13, 200, '20.0', 13, 'GRN-1723187437410'),
	(14, 80, '100.0', 14, 'GRN-1732464019811'),
	(15, 300, '20.0', 15, 'GRN-1732464019811'),
	(16, 400, '50.0', 16, 'GRN-1732547147474');

-- Dumping structure for table cafe_db.direct_selling_stock
CREATE TABLE IF NOT EXISTS `direct_selling_stock` (
  `id` int NOT NULL AUTO_INCREMENT,
  `qty` double DEFAULT NULL,
  `selling_price` double DEFAULT NULL,
  `expiry_date` date DEFAULT NULL,
  `menu_item_id` int NOT NULL,
  `active_state_state_id` tinyint NOT NULL,
  `unit_of_measure_id` int NOT NULL,
  PRIMARY KEY (`id`),
  KEY `fk_direct_selling_stock_active_state1_idx` (`active_state_state_id`),
  KEY `fk_direct_selling_stock_menu_item1_idx` (`menu_item_id`),
  KEY `fk_direct_selling_stock_unit_of_measure1_idx` (`unit_of_measure_id`),
  CONSTRAINT `fk_direct_selling_stock_active_state1` FOREIGN KEY (`active_state_state_id`) REFERENCES `active_state` (`state_id`),
  CONSTRAINT `fk_direct_selling_stock_menu_item1` FOREIGN KEY (`menu_item_id`) REFERENCES `menu_item` (`id`),
  CONSTRAINT `fk_direct_selling_stock_unit_of_measure1` FOREIGN KEY (`unit_of_measure_id`) REFERENCES `unit_of_measure` (`id`)
) ENGINE=InnoDB AUTO_INCREMENT=17 DEFAULT CHARSET=utf8mb3;

-- Dumping data for table cafe_db.direct_selling_stock: ~15 rows (approximately)
INSERT INTO `direct_selling_stock` (`id`, `qty`, `selling_price`, `expiry_date`, `menu_item_id`, `active_state_state_id`, `unit_of_measure_id`) VALUES
	(1, 0, 180, '2024-06-27', 6, 2, 11),
	(2, 0, 180, '2024-06-27', 7, 2, 11),
	(3, 39, 50, '2024-06-30', 11, 2, 11),
	(4, 25, 50, '2024-05-30', 12, 2, 11),
	(5, 13, 500, '2024-07-31', 13, 2, 11),
	(6, 3, 300, '2024-07-31', 14, 2, 11),
	(7, 4, 300, '2024-07-31', 15, 2, 11),
	(8, 10, 180, '2024-11-30', 6, 1, 11),
	(9, 16, 180, '2024-11-30', 7, 1, 11),
	(10, 26, 60, '2024-11-30', 12, 2, 11),
	(11, 21, 80, '2024-12-31', 11, 1, 11),
	(12, 0, 180, '2024-10-30', 13, 2, 11),
	(13, 16, 250, '2024-12-31', 14, 1, 11),
	(14, 97, 160, '2025-01-10', 19, 1, 11),
	(15, 18, 500, '2025-01-14', 13, 1, 11),
	(16, 50, 650, '2025-01-12', 20, 1, 11);

-- Dumping structure for table cafe_db.discount
CREATE TABLE IF NOT EXISTS `discount` (
  `id` int NOT NULL AUTO_INCREMENT,
  `rate` double NOT NULL,
  `expire_date` date NOT NULL,
  `added_date` date DEFAULT NULL,
  `menu_item_id` int NOT NULL,
  PRIMARY KEY (`id`),
  KEY `fk_discount_menu_item1_idx` (`menu_item_id`),
  CONSTRAINT `fk_discount_menu_item1` FOREIGN KEY (`menu_item_id`) REFERENCES `menu_item` (`id`)
) ENGINE=InnoDB AUTO_INCREMENT=4 DEFAULT CHARSET=utf8mb3;

-- Dumping data for table cafe_db.discount: ~2 rows (approximately)
INSERT INTO `discount` (`id`, `rate`, `expire_date`, `added_date`, `menu_item_id`) VALUES
	(1, 10, '2024-05-30', '2024-04-24', 3),
	(2, 10, '2024-05-29', '2024-04-25', 6),
	(3, 10, '2024-12-31', '2024-11-25', 18);

-- Dumping structure for table cafe_db.invoice
CREATE TABLE IF NOT EXISTS `invoice` (
  `id` varchar(20) NOT NULL,
  `date` date DEFAULT NULL,
  `discount` double DEFAULT NULL,
  `total` double DEFAULT NULL,
  `payment_method_id` int NOT NULL,
  `user_mobile` varchar(10) NOT NULL,
  `customer_mobile` varchar(10) NOT NULL,
  PRIMARY KEY (`id`),
  KEY `fk_invoice_payment_method1_idx` (`payment_method_id`),
  KEY `fk_invoice_user1_idx` (`user_mobile`),
  KEY `fk_invoice_customer1_idx` (`customer_mobile`),
  CONSTRAINT `fk_invoice_customer1` FOREIGN KEY (`customer_mobile`) REFERENCES `customer` (`mobile`),
  CONSTRAINT `fk_invoice_payment_method1` FOREIGN KEY (`payment_method_id`) REFERENCES `payment_method` (`id`),
  CONSTRAINT `fk_invoice_user1` FOREIGN KEY (`user_mobile`) REFERENCES `user` (`mobile`)
) ENGINE=InnoDB DEFAULT CHARSET=utf8mb3;

-- Dumping data for table cafe_db.invoice: ~100 rows (approximately)
INSERT INTO `invoice` (`id`, `date`, `discount`, `total`, `payment_method_id`, `user_mobile`, `customer_mobile`) VALUES
	('896_1716991614825', '2024-05-29', 55, 1940, 1, '0715777896', 'unknown'),
	('896_1716992261052', '2024-05-29', 110, 1550, 1, '0715777896', 'unknown'),
	('896_1716992863665', '2024-05-29', 0, 360, 2, '0715777896', 'unknown'),
	('896_1716993236803', '2024-05-29', 18, 360, 2, '0715777896', 'unknown'),
	('896_1716993558390', '2024-05-29', 0, 530, 1, '0715777896', 'unknown'),
	('896_1716993943761', '2024-05-29', 0, 700, 1, '0715777896', 'unknown'),
	('896_1716994269102', '2024-05-29', 0, 1400, 1, '0715777896', 'unknown'),
	('896_1716994293689', '2024-05-29', 0, 120, 2, '0715777896', 'unknown'),
	('896_1716995208695', '2024-05-29', 55, 730, 1, '0715777896', 'unknown'),
	('896_1716995251196', '2024-05-29', 55, 550, 2, '0715777896', 'unknown'),
	('896_1716999845878', '2024-05-29', 0, 1100, 2, '0715777896', 'unknown'),
	('896_1717001722608', '2024-05-29', 0, 350, 2, '0715777896', 'unknown'),
	('896_1717002025054', '2024-05-29', 55, 3020, 1, '0715777896', 'unknown'),
	('896_1717002421402', '2024-05-29', 0, 850, 2, '0715777896', 'unknown'),
	('896_1717002641579', '2024-05-29', 18, 1260, 1, '0715777896', 'unknown'),
	('896_1717003151822', '2024-05-29', 0, 590, 2, '0715777896', 'unknown'),
	('896_1717009972097', '2024-05-30', 0, 750, 1, '0715777896', 'unknown'),
	('896_1717010057182', '2024-05-30', 0, 530, 2, '0715777896', 'unknown'),
	('896_1717010511605', '2024-05-30', 73, 730, 1, '0715777896', 'unknown'),
	('896_1717010810728', '2024-05-30', 36, 1180, 2, '0715777896', 'unknown'),
	('896_1717027691419', '2024-05-30', 0, 680, 2, '0715777896', 'unknown'),
	('896_1717041984022', '2024-05-30', 0, 450, 1, '0715777896', 'unknown'),
	('896_1717045167031', '2024-05-30', 0, 120, 2, '0715777896', 'unknown'),
	('896_1717047247818', '2024-05-30', 55, 550, 1, '0715777896', 'unknown'),
	('896_1717047792388', '2024-05-30', 0, 350, 2, '0715777896', 'unknown'),
	('896_1717048252892', '2024-05-30', 0, 900, 2, '0715777896', 'unknown'),
	('896_1717048479232', '2024-05-30', 0, 400, 2, '0715777896', 'unknown'),
	('896_1717048849000', '2024-05-30', 110, 1100, 1, '0715777896', 'unknown'),
	('896_1717056228340', '2024-05-30', 55, 550, 1, '0715777896', 'unknown'),
	('896_1717056439018', '2024-05-30', 55, 1320, 1, '0715777896', 'unknown'),
	('896_1717056634069', '2024-05-30', 55, 1050, 2, '0715777896', 'unknown'),
	('896_1717099722363', '2024-05-31', 0, 2250, 2, '0715777896', 'unknown'),
	('896_1717133869067', '2024-05-31', 110, 1470, 1, '0715777896', 'unknown'),
	('896_1717134099183', '2024-05-31', 0, 570, 2, '0715777896', 'unknown'),
	('896_1717134275481', '2024-05-31', 18, 1080, 2, '0715777896', 'unknown'),
	('896_1717147749401', '2024-05-31', 0, 1200, 2, '0715777896', 'unknown'),
	('896_1717509725150', '2024-06-04', 0, 450, 2, '0715777896', 'unknown'),
	('896_1717592831065', '2024-06-05', 0, 1450, 2, '0715777896', 'unknown'),
	('896_1717769507972', '2024-06-07', 0, 750, 1, '0715777896', 'unknown'),
	('896_1718388368166', '2024-06-14', 36, 1260, 2, '0715777896', 'unknown'),
	('896_1718397407256', '2024-06-15', 110, 1100, 2, '0715777896', 'unknown'),
	('896_1718608844917', '2024-06-17', 0, 1730, 2, '0715777896', 'unknown'),
	('896_1718608914245', '2024-06-17', 0, 690, 1, '0715777896', 'unknown'),
	('896_1718609857628', '2024-06-17', 0, 1950, 2, '0715777896', 'unknown'),
	('896_1718610439737', '2024-06-17', 22, 640, 1, '0715777896', 'unknown'),
	('896_1718610513902', '2024-06-17', 0, 6000, 2, '0715777896', 'unknown'),
	('896_1718615239512', '2024-06-17', 0, 1200, 2, '0715777896', 'unknown'),
	('896_1718615255310', '2024-06-17', 180, 1800, 2, '0715777896', 'unknown'),
	('896_1718728305703', '2024-06-18', 0, 600, 1, '0715777896', 'unknown'),
	('896_1718728345957', '2024-06-18', 0, 420, 1, '0715777896', 'unknown'),
	('896_1718918809062', '2024-06-21', 0, 1200, 2, '0715777896', 'unknown'),
	('896_1718919429482', '2024-06-21', 0, 1200, 2, '0715777896', 'unknown'),
	('896_1718919640742', '2024-06-21', 0, 850, 1, '0715777896', 'unknown'),
	('896_1718920592519', '2024-06-21', 0, 1200, 1, '0715777896', 'unknown'),
	('896_1718921006314', '2024-06-21', 55, 550, 2, '0715777896', 'unknown'),
	('896_1718921313806', '2024-06-21', 54, 1040, 2, '0715777896', 'unknown'),
	('896_1718921588281', '2024-06-21', 0, 400, 1, '0715777896', 'unknown'),
	('896_1718964797880', '2024-06-21', 0, 900, 1, '0715777896', 'unknown'),
	('896_1718997386062', '2024-06-22', 0, 1000, 2, '0715777896', 'unknown'),
	('896_1718997686966', '2024-06-22', 18, 360, 2, '0715777896', 'unknown'),
	('896_1718997819699', '2024-06-22', 0, 800, 2, '0715777896', 'unknown'),
	('896_1718997865104', '2024-06-22', 0, 820, 2, '0715777896', 'unknown'),
	('896_1719324668250', '2024-06-25', 0, 2650, 1, '0715777896', 'unknown'),
	('896_1719543161193', '2024-06-28', 0, 1150, 1, '0715777896', 'unknown'),
	('896_1720667146343', '2024-07-11', 0, 1850, 2, '0715777896', 'unknown'),
	('896_1722402630014', '2024-07-31', 0, 950, 2, '0715777896', 'unknown'),
	('896_1722402676761', '2024-07-31', 0, 750, 1, '0715777896', 'unknown'),
	('896_1723222446330', '2024-08-09', 55, 610, 2, '0715777896', 'unknown'),
	('896_1723347130505', '2024-08-11', 0, 1740, 2, '0715777896', 'unknown'),
	('896_1726707318968', '2024-09-19', 55, 1750, 1, '0715777896', 'unknown'),
	('896_1726707419282', '2024-09-19', 0, 1400, 2, '0715777896', 'unknown'),
	('896_1732015820271', '2024-11-19', 0, 3550, 1, '0715777896', 'unknown'),
	('896_1732209545836', '2024-11-21', 73, 4970, 2, '0715777896', 'unknown'),
	('896_1732237281805', '2024-11-22', 0, 1260, 1, '0715777896', 'unknown'),
	('896_1732245777074', '2024-11-22', 18, 540, 1, '0715777896', 'unknown'),
	('896_1732245990538', '2024-11-22', 36, 720, 2, '0715777896', 'unknown'),
	('896_1732246338673', '2024-11-22', 18, 540, 1, '0715777896', 'unknown'),
	('896_1732246376866', '2024-11-22', 36, 1720, 2, '0715777896', 'unknown'),
	('896_1732246745490', '2024-11-22', 0, 1650, 2, '0715777896', 'unknown'),
	('896_1732281679470', '2024-11-22', 0, 850, 1, '0715777896', 'unknown'),
	('896_1732416892009', '2024-11-24', 0, 850, 1, '0715777896', 'unknown'),
	('896_1732464426947', '2024-11-24', 0, 800, 2, '0715777896', 'unknown'),
	('896_1732496773641', '2024-11-25', 0, 1500, 2, '0715777896', 'unknown'),
	('896_1732612068987', '2024-11-26', 0, 2620, 1, '0715777896', 'unknown'),
	('896_1732778613141', '2024-11-28', 0, 950, 2, '0715777896', 'unknown'),
	('896_1732782957292', '2024-11-28', 0, 730, 1, '0715777896', 'unknown'),
	('896_1732782975372', '2024-11-28', 0, 950, 2, '0715777896', 'unknown'),
	('896_1735752432641', '2025-01-01', 0, 2200, 1, '0715777896', 'unknown'),
	('896_1735987411464', '2025-01-04', 0, 1550, 2, '0715777896', 'unknown'),
	('963_1717225653557', '2024-06-01', 0, 250, 2, '0774512963', 'unknown'),
	('963_1717775604822', '2024-06-07', 0, 1400, 2, '0774512963', 'unknown'),
	('963_1718394485799', '2024-06-15', 275, 2750, 1, '0774512963', 'unknown'),
	('963_1718459178363', '2024-06-15', 0, 580, 2, '0774512963', 'unknown'),
	('963_1718912707991', '2024-06-21', 0, 600, 1, '0774512963', 'unknown'),
	('963_1718921498875', '2024-06-21', 0, 1200, 1, '0774512963', 'unknown'),
	('963_1718921656221', '2024-06-21', 0, 1650, 2, '0774512963', 'unknown'),
	('963_1718954814704', '2024-06-21', 0, 1000, 1, '0774512963', 'unknown'),
	('963_1718955106827', '2024-06-21', 0, 240, 2, '0774512963', 'unknown'),
	('963_1718960006044', '2024-06-21', 0, 520, 1, '0774512963', 'unknown'),
	('963_1718960496791', '2024-06-21', 0, 3820, 1, '0774512963', 'unknown'),
	('963_1718997056035', '2024-06-22', 109, 3390, 2, '0774512963', 'unknown'),
	('963_1723185296577', '2024-08-09', 0, 940, 1, '0774512963', 'unknown'),
	('963_1723185407573', '2024-08-09', 0, 440, 2, '0774512963', 'unknown'),
	('963_1723222395044', '2024-08-09', 0, 1320, 2, '0774512963', 'unknown'),
	('963_1732209704883', '2024-11-21', 0, 1580, 1, '0774512963', 'unknown'),
	('963_1732612314106', '2024-11-26', 0, 900, 2, '0774512963', 'unknown'),
	('963_1732612326508', '2024-11-26', 0, 750, 2, '0774512963', 'unknown'),
	('963_1732757654313', '2024-11-28', 0, 4590, 1, '0774512963', 'unknown'),
	('963_1735715879001', '2025-01-01', 0, 2750, 2, '0774512963', 'unknown');

-- Dumping structure for table cafe_db.kitchen_damage_stock
CREATE TABLE IF NOT EXISTS `kitchen_damage_stock` (
  `id` int NOT NULL AUTO_INCREMENT,
  `qty` double DEFAULT NULL,
  `damage_description` varchar(45) DEFAULT NULL,
  `added_date` date DEFAULT NULL,
  `updated_date` date DEFAULT NULL,
  `kitchen_stock_id` int NOT NULL,
  `damage_stock_state_id` int NOT NULL,
  PRIMARY KEY (`id`),
  KEY `fk_kitchen_damage_stock_kitchen_stock1_idx` (`kitchen_stock_id`),
  KEY `fk_kitchen_damage_stock_damage_stock_state1_idx` (`damage_stock_state_id`),
  CONSTRAINT `fk_kitchen_damage_stock_damage_stock_state1` FOREIGN KEY (`damage_stock_state_id`) REFERENCES `damage_stock_state` (`id`),
  CONSTRAINT `fk_kitchen_damage_stock_kitchen_stock1` FOREIGN KEY (`kitchen_stock_id`) REFERENCES `kitchen_stock` (`id`)
) ENGINE=InnoDB AUTO_INCREMENT=3 DEFAULT CHARSET=utf8mb3;

-- Dumping data for table cafe_db.kitchen_damage_stock: ~2 rows (approximately)
INSERT INTO `kitchen_damage_stock` (`id`, `qty`, `damage_description`, `added_date`, `updated_date`, `kitchen_stock_id`, `damage_stock_state_id`) VALUES
	(1, 1, 'Bad Smell', '2024-06-03', '2024-06-04', 1, 2),
	(2, 1, 'Crack found', '2024-06-04', '2024-06-04', 2, 3);

-- Dumping structure for table cafe_db.kitchen_grn
CREATE TABLE IF NOT EXISTS `kitchen_grn` (
  `id` varchar(20) NOT NULL,
  `date` date DEFAULT NULL,
  `total` double DEFAULT NULL,
  `payment_method_id` int NOT NULL,
  `user_mobile` varchar(10) NOT NULL,
  `supplier_mobile` varchar(10) NOT NULL,
  `paid_amount` double NOT NULL,
  PRIMARY KEY (`id`),
  KEY `fk_kitchen_grn_payment_method1_idx` (`payment_method_id`),
  KEY `fk_kitchen_grn_user1_idx` (`user_mobile`),
  KEY `fk_kitchen_grn_supplier1_idx` (`supplier_mobile`),
  CONSTRAINT `fk_kitchen_grn_payment_method1` FOREIGN KEY (`payment_method_id`) REFERENCES `payment_method` (`id`),
  CONSTRAINT `fk_kitchen_grn_supplier1` FOREIGN KEY (`supplier_mobile`) REFERENCES `supplier` (`mobile`),
  CONSTRAINT `fk_kitchen_grn_user1` FOREIGN KEY (`user_mobile`) REFERENCES `user` (`mobile`)
) ENGINE=InnoDB DEFAULT CHARSET=utf8mb3;

-- Dumping data for table cafe_db.kitchen_grn: ~7 rows (approximately)
INSERT INTO `kitchen_grn` (`id`, `date`, `total`, `payment_method_id`, `user_mobile`, `supplier_mobile`, `paid_amount`) VALUES
	('741_741852963', '2024-06-04', 15750, 1, '0715777896', '0771112223', 15750),
	('741_789456123', '2024-06-04', 12500, 2, '0715777896', '0771112223', 12500),
	('GRN-1722883163446', '2024-08-06', 4000, 1, '0715777896', '0771112223', 4000),
	('GRN-1722885401914', '2024-08-06', 5500, 1, '0715777896', '0714798940', 5500),
	('GRN-1723186552482', '2024-08-09', 2600, 1, '0715777896', '0714152963', 2600),
	('GRN-1723225286542', '2024-08-09', 4850, 1, '0715777896', '0714798940', 4850),
	('GRN-1723226279449', '2024-08-09', 11000, 2, '0715777896', '0714798940', 11000);

-- Dumping structure for table cafe_db.kitchen_grn_item
CREATE TABLE IF NOT EXISTS `kitchen_grn_item` (
  `id` int NOT NULL AUTO_INCREMENT,
  `purchase_price` double DEFAULT NULL,
  `qty` double DEFAULT NULL,
  `kitchen_grn_id` varchar(20) NOT NULL,
  `kitchen_stock_id` int NOT NULL,
  PRIMARY KEY (`id`),
  KEY `fk_kitchen_grn_has_kitchen_stock_kitchen_stock1_idx` (`kitchen_stock_id`),
  KEY `fk_kitchen_grn_has_kitchen_stock_kitchen_grn1_idx` (`kitchen_grn_id`),
  CONSTRAINT `fk_kitchen_grn_has_kitchen_stock_kitchen_grn1` FOREIGN KEY (`kitchen_grn_id`) REFERENCES `kitchen_grn` (`id`),
  CONSTRAINT `fk_kitchen_grn_has_kitchen_stock_kitchen_stock1` FOREIGN KEY (`kitchen_stock_id`) REFERENCES `kitchen_stock` (`id`)
) ENGINE=InnoDB AUTO_INCREMENT=21 DEFAULT CHARSET=utf8mb3;

-- Dumping data for table cafe_db.kitchen_grn_item: ~18 rows (approximately)
INSERT INTO `kitchen_grn_item` (`id`, `purchase_price`, `qty`, `kitchen_grn_id`, `kitchen_stock_id`) VALUES
	(1, 1200, 2, '741_741852963', 1),
	(2, 500, 5, '741_741852963', 2),
	(3, 450, 5, '741_741852963', 3),
	(4, 400, 10, '741_741852963', 4),
	(5, 600, 10, '741_789456123', 5),
	(6, 700, 2, '741_789456123', 6),
	(7, 550, 2, '741_789456123', 7),
	(8, 650, 2, '741_789456123', 8),
	(11, 200, 10, 'GRN-1722883163446', 14),
	(12, 100, 20, 'GRN-1722883163446', 15),
	(13, 100, 30, 'GRN-1722885401914', 16),
	(14, 50, 50, 'GRN-1722885401914', 17),
	(15, 100, 10, 'GRN-1723186552482', 18),
	(16, 100, 10, 'GRN-1723225286542', 19),
	(17, 150, 15, 'GRN-1723225286542', 20),
	(18, 80, 20, 'GRN-1723225286542', 21),
	(19, 100, 10, 'GRN-1723226279449', 22),
	(20, 200, 50, 'GRN-1723226279449', 23);

-- Dumping structure for table cafe_db.kitchen_item
CREATE TABLE IF NOT EXISTS `kitchen_item` (
  `id` int NOT NULL AUTO_INCREMENT,
  `name` varchar(45) DEFAULT NULL,
  `unit_of_measure` int NOT NULL,
  `kitchen_item_category_id` int NOT NULL,
  `brand_id` int NOT NULL,
  `active_state_state_id` tinyint NOT NULL,
  PRIMARY KEY (`id`),
  KEY `fk_kitchen_item_kitchen_item_category1_idx` (`kitchen_item_category_id`),
  KEY `fk_kitchen_item_brand1_idx` (`brand_id`),
  KEY `fk_kitchen_item_active_state1_idx` (`active_state_state_id`),
  KEY `FK_kitchen_item_unit_of_measure` (`unit_of_measure`),
  CONSTRAINT `fk_kitchen_item_active_state1` FOREIGN KEY (`active_state_state_id`) REFERENCES `active_state` (`state_id`),
  CONSTRAINT `fk_kitchen_item_brand1` FOREIGN KEY (`brand_id`) REFERENCES `brand` (`id`),
  CONSTRAINT `fk_kitchen_item_kitchen_item_category1` FOREIGN KEY (`kitchen_item_category_id`) REFERENCES `kitchen_item_category` (`id`),
  CONSTRAINT `FK_kitchen_item_unit_of_measure` FOREIGN KEY (`unit_of_measure`) REFERENCES `unit_of_measure` (`id`)
) ENGINE=InnoDB AUTO_INCREMENT=15 DEFAULT CHARSET=utf8mb3;

-- Dumping data for table cafe_db.kitchen_item: ~13 rows (approximately)
INSERT INTO `kitchen_item` (`id`, `name`, `unit_of_measure`, `kitchen_item_category_id`, `brand_id`, `active_state_state_id`) VALUES
	(1, 'Capsicums', 8, 1, 0, 1),
	(2, 'Green Beans', 8, 1, 0, 1),
	(3, 'Pumpkin', 8, 1, 0, 1),
	(4, 'Pineapple', 8, 1, 0, 1),
	(5, 'Onions', 8, 1, 0, 1),
	(6, 'Tomatoes', 8, 1, 0, 1),
	(7, 'Garlic', 8, 1, 0, 1),
	(8, 'Chilli pepper', 8, 1, 0, 1),
	(9, 'Limes', 8, 1, 0, 1),
	(10, 'Coconut', 11, 1, 0, 1),
	(11, 'Curd', 11, 4, 2, 1),
	(12, 'Fresh Milk', 10, 4, 2, 1),
	(13, 'Samba Rice', 8, 2, 3, 1),
	(14, 'Tomato Source Large Cann', 11, 7, 3, 1);

-- Dumping structure for table cafe_db.kitchen_item_category
CREATE TABLE IF NOT EXISTS `kitchen_item_category` (
  `id` int NOT NULL AUTO_INCREMENT,
  `name` varchar(45) DEFAULT NULL,
  PRIMARY KEY (`id`)
) ENGINE=InnoDB AUTO_INCREMENT=8 DEFAULT CHARSET=utf8mb3;

-- Dumping data for table cafe_db.kitchen_item_category: ~7 rows (approximately)
INSERT INTO `kitchen_item_category` (`id`, `name`) VALUES
	(1, 'Produce'),
	(2, 'Grains'),
	(3, 'Proteins'),
	(4, 'Dairy'),
	(5, 'Bakery'),
	(6, 'Fat & Oils'),
	(7, 'Condiments');

-- Dumping structure for table cafe_db.kitchen_stock
CREATE TABLE IF NOT EXISTS `kitchen_stock` (
  `id` int NOT NULL AUTO_INCREMENT,
  `qty` double DEFAULT NULL,
  `expire_date` date DEFAULT NULL,
  `kitchen_item_id` int NOT NULL,
  `active_state_state_id` tinyint NOT NULL,
  PRIMARY KEY (`id`),
  KEY `fk_kitchen_stock_kitchen_item1_idx` (`kitchen_item_id`),
  KEY `fk_kitchen_stock_active_state1_idx` (`active_state_state_id`),
  CONSTRAINT `fk_kitchen_stock_active_state1` FOREIGN KEY (`active_state_state_id`) REFERENCES `active_state` (`state_id`),
  CONSTRAINT `fk_kitchen_stock_kitchen_item1` FOREIGN KEY (`kitchen_item_id`) REFERENCES `kitchen_item` (`id`)
) ENGINE=InnoDB AUTO_INCREMENT=24 DEFAULT CHARSET=utf8mb3;

-- Dumping data for table cafe_db.kitchen_stock: ~23 rows (approximately)
INSERT INTO `kitchen_stock` (`id`, `qty`, `expire_date`, `kitchen_item_id`, `active_state_state_id`) VALUES
	(1, 2, '2024-08-04', 1, 1),
	(2, 5, '2024-07-04', 2, 1),
	(3, 8, '2024-08-04', 3, 1),
	(4, 5, '2024-08-04', 4, 1),
	(5, 11, '2024-07-04', 5, 1),
	(6, 5, '2024-07-04', 6, 1),
	(7, 2, '2024-07-04', 7, 1),
	(8, 10, '2024-07-04', 8, 1),
	(9, 2, '2024-07-04', 9, 1),
	(10, 20, '2024-08-04', 10, 1),
	(11, 20, '2024-08-04', 11, 1),
	(12, 15, '2024-07-04', 12, 1),
	(13, 20, '2024-07-04', 13, 1),
	(14, 10, '2024-08-31', 1, 1),
	(15, 20, '2024-08-31', 2, 1),
	(16, 30, '2024-08-31', 11, 1),
	(17, 70, '2024-08-31', 10, 1),
	(18, 10, '2024-08-31', 6, 1),
	(19, 10, '2024-08-31', 8, 1),
	(20, 15, '2024-08-31', 7, 1),
	(21, 20, '2024-08-31', 4, 1),
	(22, 10, '2024-08-31', 3, 1),
	(23, 50, '2024-08-31', 13, 1);

-- Dumping structure for table cafe_db.menu_invoice_item
CREATE TABLE IF NOT EXISTS `menu_invoice_item` (
  `invoice_id` varchar(20) NOT NULL,
  `menu_item_id` int NOT NULL,
  `qty` int DEFAULT NULL,
  `discount` double DEFAULT NULL,
  `selling_price` double DEFAULT NULL,
  PRIMARY KEY (`invoice_id`,`menu_item_id`),
  KEY `fk_invoice_has_menu_item_invoice1_idx` (`invoice_id`),
  KEY `fk_invoice_has_menu_item_menu_item1_idx` (`menu_item_id`),
  CONSTRAINT `fk_invoice_has_menu_item_invoice1` FOREIGN KEY (`invoice_id`) REFERENCES `invoice` (`id`),
  CONSTRAINT `fk_invoice_has_menu_item_menu_item1` FOREIGN KEY (`menu_item_id`) REFERENCES `menu_item` (`id`)
) ENGINE=InnoDB DEFAULT CHARSET=utf8mb3;

-- Dumping data for table cafe_db.menu_invoice_item: ~187 rows (approximately)
INSERT INTO `menu_invoice_item` (`invoice_id`, `menu_item_id`, `qty`, `discount`, `selling_price`) VALUES
	('896_1716991614825', 1, 1, 0, 350),
	('896_1716991614825', 3, 1, 55, 550),
	('896_1716991614825', 9, 1, 0, 500),
	('896_1716992261052', 3, 2, 55, 550),
	('896_1716992261052', 10, 1, 0, 450),
	('896_1716993558390', 1, 1, 0, 350),
	('896_1716993943761', 5, 1, 0, 250),
	('896_1716993943761', 10, 1, 0, 450),
	('896_1716994269102', 9, 1, 0, 500),
	('896_1716994269102', 10, 2, 0, 450),
	('896_1716994293689', 4, 1, 0, 120),
	('896_1716995208695', 3, 1, 55, 550),
	('896_1716995251196', 3, 1, 55, 550),
	('896_1716999845878', 5, 1, 0, 250),
	('896_1716999845878', 8, 1, 0, 400),
	('896_1716999845878', 10, 1, 0, 450),
	('896_1717001722608', 1, 1, 0, 350),
	('896_1717002025054', 1, 1, 0, 350),
	('896_1717002025054', 2, 1, 0, 400),
	('896_1717002025054', 3, 1, 55, 550),
	('896_1717002025054', 4, 1, 0, 120),
	('896_1717002025054', 5, 1, 0, 250),
	('896_1717002025054', 8, 1, 0, 400),
	('896_1717002025054', 9, 1, 0, 500),
	('896_1717002025054', 10, 1, 0, 450),
	('896_1717002421402', 1, 1, 0, 350),
	('896_1717002421402', 9, 1, 0, 500),
	('896_1717002641579', 8, 1, 0, 400),
	('896_1717002641579', 9, 1, 0, 500),
	('896_1717003151822', 1, 1, 0, 350),
	('896_1717003151822', 4, 2, 0, 120),
	('896_1717009972097', 1, 1, 0, 350),
	('896_1717009972097', 8, 1, 0, 400),
	('896_1717010057182', 1, 1, 0, 350),
	('896_1717010511605', 3, 1, 55, 550),
	('896_1717010810728', 4, 1, 0, 120),
	('896_1717010810728', 5, 1, 0, 250),
	('896_1717010810728', 10, 1, 0, 450),
	('896_1717027691419', 9, 1, 0, 500),
	('896_1717041984022', 10, 1, 0, 450),
	('896_1717045167031', 4, 1, 0, 120),
	('896_1717047247818', 3, 1, 55, 550),
	('896_1717047792388', 1, 1, 0, 350),
	('896_1717048252892', 8, 1, 0, 400),
	('896_1717048252892', 9, 1, 0, 500),
	('896_1717048479232', 8, 1, 0, 400),
	('896_1717048849000', 3, 2, 55, 550),
	('896_1717056228340', 3, 1, 55, 550),
	('896_1717056439018', 2, 1, 0, 400),
	('896_1717056439018', 3, 1, 55, 550),
	('896_1717056439018', 4, 1, 0, 120),
	('896_1717056439018', 5, 1, 0, 250),
	('896_1717056634069', 3, 1, 55, 550),
	('896_1717056634069', 9, 1, 0, 500),
	('896_1717099722363', 8, 2, 0, 400),
	('896_1717099722363', 9, 2, 0, 500),
	('896_1717099722363', 10, 1, 0, 450),
	('896_1717133869067', 3, 2, 55, 550),
	('896_1717133869067', 4, 1, 0, 120),
	('896_1717133869067', 5, 1, 0, 250),
	('896_1717134099183', 4, 1, 0, 120),
	('896_1717134099183', 10, 1, 0, 450),
	('896_1717134275481', 8, 1, 0, 400),
	('896_1717134275481', 9, 1, 0, 500),
	('896_1717509725150', 10, 1, 0, 450),
	('896_1717592831065', 5, 1, 0, 250),
	('896_1717592831065', 10, 2, 0, 450),
	('896_1717769507972', 2, 1, 0, 400),
	('896_1718388368166', 10, 2, 0, 450),
	('896_1718397407256', 3, 2, 55, 550),
	('896_1718608844917', 16, 1, 0, 1200),
	('896_1718609857628', 2, 1, 0, 1400),
	('896_1718609857628', 10, 1, 0, 250),
	('896_1718610439737', 4, 1, 0, 120),
	('896_1718610513902', 16, 5, 0, 1200),
	('896_1718615239512', 16, 1, 0, 1200),
	('896_1718615255310', 3, 1, 180, 1800),
	('896_1718728305703', 9, 1, 0, 600),
	('896_1718728345957', 4, 1, 0, 120),
	('896_1718918809062', 16, 1, 0, 1200),
	('896_1718919429482', 16, 1, 0, 1200),
	('896_1718919640742', 8, 1, 0, 400),
	('896_1718919640742', 10, 1, 0, 450),
	('896_1718920592519', 1, 1, 0, 350),
	('896_1718920592519', 2, 1, 0, 400),
	('896_1718920592519', 10, 1, 0, 450),
	('896_1718921006314', 3, 1, 55, 550),
	('896_1718921313806', 9, 1, 0, 500),
	('896_1718921588281', 1, 1, 0, 350),
	('896_1718964797880', 8, 1, 0, 400),
	('896_1718964797880', 9, 1, 0, 500),
	('896_1718997386062', 9, 2, 0, 500),
	('896_1718997865104', 4, 1, 0, 120),
	('896_1718997865104', 5, 1, 0, 250),
	('896_1718997865104', 10, 1, 0, 450),
	('896_1719324668250', 9, 2, 0, 500),
	('896_1719324668250', 10, 1, 0, 450),
	('896_1719324668250', 16, 1, 0, 1200),
	('896_1719543161193', 1, 1, 0, 350),
	('896_1719543161193', 5, 1, 0, 250),
	('896_1719543161193', 8, 1, 0, 400),
	('896_1720667146343', 2, 2, 0, 400),
	('896_1720667146343', 5, 1, 0, 250),
	('896_1720667146343', 9, 1, 0, 500),
	('896_1722402630014', 5, 2, 0, 250),
	('896_1722402630014', 10, 1, 0, 450),
	('896_1722402676761', 1, 1, 0, 350),
	('896_1722402676761', 2, 1, 0, 400),
	('896_1723222446330', 3, 1, 55, 550),
	('896_1723347130505', 16, 1, 0, 1200),
	('896_1726707318968', 3, 1, 55, 550),
	('896_1726707318968', 16, 1, 0, 1200),
	('896_1726707419282', 8, 1, 0, 400),
	('896_1726707419282', 9, 2, 0, 500),
	('896_1732015820271', 2, 1, 0, 400),
	('896_1732015820271', 5, 1, 0, 250),
	('896_1732015820271', 9, 1, 0, 500),
	('896_1732015820271', 16, 2, 0, 1200),
	('896_1732209545836', 1, 1, 0, 350),
	('896_1732209545836', 2, 1, 0, 400),
	('896_1732209545836', 3, 1, 55, 550),
	('896_1732209545836', 4, 1, 0, 120),
	('896_1732209545836', 5, 1, 0, 250),
	('896_1732209545836', 8, 1, 0, 400),
	('896_1732209545836', 9, 1, 0, 500),
	('896_1732209545836', 10, 1, 0, 450),
	('896_1732209545836', 16, 1, 0, 1200),
	('896_1732237281805', 8, 1, 0, 400),
	('896_1732237281805', 9, 1, 0, 500),
	('896_1732246376866', 9, 2, 0, 500),
	('896_1732246745490', 10, 1, 0, 450),
	('896_1732246745490', 16, 1, 0, 1200),
	('896_1732281679470', 1, 1, 0, 350),
	('896_1732281679470', 9, 1, 0, 500),
	('896_1732416892009', 10, 1, 0, 450),
	('896_1732416892009', 17, 2, 0, 200),
	('896_1732496773641', 5, 2, 0, 250),
	('896_1732496773641', 10, 2, 0, 450),
	('896_1732612068987', 1, 1, 0, 300),
	('896_1732612068987', 2, 1, 0, 400),
	('896_1732612068987', 16, 1, 0, 1200),
	('896_1732778613141', 5, 1, 0, 250),
	('896_1732778613141', 9, 1, 0, 500),
	('896_1732778613141', 17, 1, 0, 200),
	('896_1732782957292', 4, 1, 0, 120),
	('896_1732782957292', 8, 1, 0, 400),
	('896_1732782975372', 2, 1, 0, 400),
	('896_1732782975372', 3, 1, 0, 550),
	('896_1735752432641', 5, 2, 0, 250),
	('896_1735752432641', 9, 1, 0, 500),
	('896_1735752432641', 16, 1, 0, 1200),
	('896_1735987411464', 8, 1, 0, 400),
	('896_1735987411464', 9, 1, 0, 500),
	('896_1735987411464', 10, 1, 0, 450),
	('896_1735987411464', 17, 1, 0, 200),
	('963_1717225653557', 5, 1, 0, 250),
	('963_1717775604822', 5, 2, 0, 250),
	('963_1717775604822', 10, 2, 0, 450),
	('963_1718394485799', 3, 5, 55, 550),
	('963_1718459178363', 8, 1, 0, 400),
	('963_1718912707991', 1, 1, 0, 350),
	('963_1718912707991', 5, 1, 0, 250),
	('963_1718921498875', 16, 1, 0, 1200),
	('963_1718921656221', 10, 1, 0, 450),
	('963_1718921656221', 16, 1, 0, 1200),
	('963_1718955106827', 4, 2, 0, 120),
	('963_1718960006044', 2, 1, 0, 400),
	('963_1718960006044', 4, 1, 0, 120),
	('963_1718960496791', 1, 2, 0, 350),
	('963_1718960496791', 16, 2, 0, 1200),
	('963_1718997056035', 1, 2, 0, 350),
	('963_1718997056035', 2, 1, 0, 400),
	('963_1718997056035', 3, 1, 55, 550),
	('963_1718997056035', 16, 1, 0, 1200),
	('963_1723185296577', 9, 1, 0, 500),
	('963_1723222395044', 4, 1, 0, 120),
	('963_1723222395044', 16, 1, 0, 1200),
	('963_1732209704883', 1, 2, 0, 350),
	('963_1732209704883', 2, 2, 0, 400),
	('963_1732612314106', 5, 1, 0, 250),
	('963_1732612314106', 10, 1, 0, 450),
	('963_1732612314106', 17, 1, 0, 200),
	('963_1732757654313', 4, 2, 0, 120),
	('963_1732757654313', 9, 1, 0, 500),
	('963_1732757654313', 16, 2, 0, 1200),
	('963_1732757654313', 17, 2, 0, 200),
	('963_1735715879001', 2, 2, 0, 400),
	('963_1735715879001', 3, 1, 0, 550),
	('963_1735715879001', 10, 2, 0, 450);

-- Dumping structure for table cafe_db.menu_item
CREATE TABLE IF NOT EXISTS `menu_item` (
  `id` int NOT NULL AUTO_INCREMENT,
  `name` varchar(45) DEFAULT NULL,
  `image_path` text,
  `menu_item_category_id` int NOT NULL,
  `brand_id` int NOT NULL,
  `active_state_state_id` tinyint NOT NULL,
  `price` double DEFAULT NULL,
  PRIMARY KEY (`id`),
  UNIQUE KEY `id_UNIQUE` (`id`),
  KEY `fk_menu_item_menu_item_category1_idx` (`menu_item_category_id`),
  KEY `fk_menu_item_brand1_idx` (`brand_id`),
  KEY `fk_menu_item_active_state1_idx` (`active_state_state_id`),
  CONSTRAINT `fk_menu_item_active_state1` FOREIGN KEY (`active_state_state_id`) REFERENCES `active_state` (`state_id`),
  CONSTRAINT `fk_menu_item_brand1` FOREIGN KEY (`brand_id`) REFERENCES `brand` (`id`),
  CONSTRAINT `fk_menu_item_menu_item_category1` FOREIGN KEY (`menu_item_category_id`) REFERENCES `menu_item_category` (`id`)
) ENGINE=InnoDB AUTO_INCREMENT=21 DEFAULT CHARSET=utf8mb3;

-- Dumping data for table cafe_db.menu_item: ~19 rows (approximately)
INSERT INTO `menu_item` (`id`, `name`, `image_path`, `menu_item_category_id`, `brand_id`, `active_state_state_id`, `price`) VALUES
	(1, 'Vegetable Fried Rice', '/com/cafe/itemImg/vegRice.png', 1, 1, 1, 300),
	(2, 'Egg Fried Rice', '/com/cafe/itemImg/eggRice.png', 1, 1, 1, 400),
	(3, 'Chicken Fried Rice', '/com/cafe/itemImg/friedRice.png', 1, 1, 1, 550),
	(4, 'Chicken Spring Roles', '/com/cafe/itemImg/springRoles.png', 2, 1, 1, 120),
	(5, 'Devilled Sausages', '/com/cafe/itemImg/sousages.png', 2, 1, 1, 250),
	(6, 'Coca cola', '/com/cafe/itemImg/cocacola.png', 5, 5, 1, 220),
	(7, 'Sprite', '/com/cafe/itemImg/sprite.png', 5, 5, 1, 230),
	(8, 'Vegetable kottu', '/com/cafe/itemImg/emptyItem.png', 4, 1, 1, 400),
	(9, 'Chicken kottu', '/com/cafe/itemImg/chickenKottu.png', 4, 1, 1, 500),
	(10, 'Chicken Wings', '/com/cafe/itemImg/chickenWings.png', 2, 1, 1, 450),
	(11, 'Youghurt', '/com/cafe/itemImg/emptyItem.png', 3, 2, 1, 50),
	(12, 'Jelly', '/com/cafe/itemImg/emptyItem.png', 3, 2, 1, 50),
	(13, 'Immorich choco chip', '/com/cafe/itemImg/chocchip.png', 3, 4, 1, 500),
	(14, 'Immorich black forest', '/com/cafe/itemImg/blackChock.png', 3, 4, 1, 300),
	(15, 'Immorich chocolate Almond crunch', '/com/cafe/itemImg/almond.png', 3, 4, 1, 300),
	(16, 'Chicken Biriyani', '/gallery/default_menu_item.png', 1, 1, 1, 1200),
	(17, 'Cheese Cake', 'E:DellDownloadscheeseCake-01.png', 3, 1, 1, 200),
	(18, 'String hopper kottu', 'null', 4, 1, 2, 400),
	(19, 'Wonder Bar Chocolate', 'null', 3, 4, 1, 160),
	(20, 'Redbull Can Small', 'null', 5, 8, 1, 650);

-- Dumping structure for table cafe_db.menu_item_category
CREATE TABLE IF NOT EXISTS `menu_item_category` (
  `id` int NOT NULL AUTO_INCREMENT,
  `name` varchar(45) DEFAULT NULL,
  `image_path` text,
  `active_state_state_id` tinyint NOT NULL,
  PRIMARY KEY (`id`),
  KEY `fk_menu_item_category_active_state1_idx` (`active_state_state_id`),
  CONSTRAINT `fk_menu_item_category_active_state1` FOREIGN KEY (`active_state_state_id`) REFERENCES `active_state` (`state_id`)
) ENGINE=InnoDB AUTO_INCREMENT=8 DEFAULT CHARSET=utf8mb3;

-- Dumping data for table cafe_db.menu_item_category: ~5 rows (approximately)
INSERT INTO `menu_item_category` (`id`, `name`, `image_path`, `active_state_state_id`) VALUES
	(1, 'Rice', '/com/cafe/categoryImg/rice32.png', 1),
	(2, 'Appetizer', '/com/cafe/categoryImg/apaticer32.png', 1),
	(3, 'Dessert', '/com/cafe/categoryImg/desert32.png', 1),
	(4, 'Kottu', '/com/cafe/categoryImg/kottu32.png', 1),
	(5, 'Beverages', '/com/cafe/categoryImg/beverage32.png', 1),
	(7, 'Noodles', NULL, 1);

-- Dumping structure for table cafe_db.menu_spec
CREATE TABLE IF NOT EXISTS `menu_spec` (
  `id` int NOT NULL AUTO_INCREMENT,
  `price` double DEFAULT NULL,
  `prep_time` varchar(20) DEFAULT NULL,
  `additional_spec` varchar(45) DEFAULT NULL,
  `menu_item_id` int NOT NULL,
  PRIMARY KEY (`id`),
  KEY `fk_menu_spec_menu_item1_idx` (`menu_item_id`),
  CONSTRAINT `fk_menu_spec_menu_item1` FOREIGN KEY (`menu_item_id`) REFERENCES `menu_item` (`id`)
) ENGINE=InnoDB AUTO_INCREMENT=12 DEFAULT CHARSET=utf8mb3;

-- Dumping data for table cafe_db.menu_spec: ~9 rows (approximately)
INSERT INTO `menu_spec` (`id`, `price`, `prep_time`, `additional_spec`, `menu_item_id`) VALUES
	(1, 300, '15', 'Veg', 1),
	(2, 500, '10', 'Non Veg', 9),
	(3, 400, '10', 'Non Veg', 2),
	(4, 550, '15', 'Non veg', 3),
	(5, 120, '5', 'Non Veg', 4),
	(6, 250, '10', 'Non Veg', 5),
	(7, 400, '15', 'Veg', 8),
	(8, 450, '10', 'Non Veg', 10),
	(9, 1200, '15', 'Non Veg', 16),
	(10, 200, '1', 'Non Veg', 17),
	(11, 400, '15', 'Non Veg', 18);

-- Dumping structure for table cafe_db.order_state
CREATE TABLE IF NOT EXISTS `order_state` (
  `id` int NOT NULL,
  `name` varchar(45) DEFAULT NULL,
  PRIMARY KEY (`id`)
) ENGINE=InnoDB DEFAULT CHARSET=utf8mb3;

-- Dumping data for table cafe_db.order_state: ~2 rows (approximately)
INSERT INTO `order_state` (`id`, `name`) VALUES
	(1, 'Processing'),
	(2, 'Received');

-- Dumping structure for table cafe_db.payment_method
CREATE TABLE IF NOT EXISTS `payment_method` (
  `id` int NOT NULL,
  `name` varchar(45) DEFAULT NULL,
  PRIMARY KEY (`id`)
) ENGINE=InnoDB DEFAULT CHARSET=utf8mb3;

-- Dumping data for table cafe_db.payment_method: ~2 rows (approximately)
INSERT INTO `payment_method` (`id`, `name`) VALUES
	(1, 'Cash'),
	(2, 'Card');

-- Dumping structure for table cafe_db.pre_orders
CREATE TABLE IF NOT EXISTS `pre_orders` (
  `id` int NOT NULL AUTO_INCREMENT,
  `time` time DEFAULT NULL,
  `date` date DEFAULT NULL,
  `pre_order_status_id` int NOT NULL,
  `invoice_id` varchar(20) NOT NULL,
  PRIMARY KEY (`id`),
  KEY `fk_pre_orders_pre_order_status1_idx` (`pre_order_status_id`),
  KEY `fk_pre_orders_invoice1_idx` (`invoice_id`),
  CONSTRAINT `fk_pre_orders_invoice1` FOREIGN KEY (`invoice_id`) REFERENCES `invoice` (`id`),
  CONSTRAINT `fk_pre_orders_pre_order_status1` FOREIGN KEY (`pre_order_status_id`) REFERENCES `pre_order_status` (`id`)
) ENGINE=InnoDB AUTO_INCREMENT=13 DEFAULT CHARSET=utf8mb3;

-- Dumping data for table cafe_db.pre_orders: ~10 rows (approximately)
INSERT INTO `pre_orders` (`id`, `time`, `date`, `pre_order_status_id`, `invoice_id`) VALUES
	(2, '14:37:06', '2024-05-31', 3, '896_1717056439018'),
	(3, '14:40:00', '2024-05-31', 3, '896_1717056634069'),
	(4, '02:38:17', '2024-06-01', 3, '896_1717099722363'),
	(5, '10:13:21', '2024-06-01', 3, '896_1717134275481'),
	(6, '13:00:00', '2024-06-16', 3, '963_1718394485799'),
	(7, '14:18:27', '2024-06-18', 3, '896_1718610513902'),
	(8, '16:43:08', '2024-06-22', 3, '896_1718964797880'),
	(9, '10:45:43', '2024-11-23', 3, '896_1732245990538'),
	(10, '12:00:00', '2024-11-23', 4, '896_1732246745490'),
	(11, '19:51:14', '2024-11-23', 4, '896_1732281679470'),
	(12, '15:06:10', '2024-11-29', 1, '896_1732782975372');

-- Dumping structure for table cafe_db.pre_order_status
CREATE TABLE IF NOT EXISTS `pre_order_status` (
  `id` int NOT NULL,
  `name` varchar(45) DEFAULT NULL,
  PRIMARY KEY (`id`)
) ENGINE=InnoDB DEFAULT CHARSET=utf8mb3;

-- Dumping data for table cafe_db.pre_order_status: ~3 rows (approximately)
INSERT INTO `pre_order_status` (`id`, `name`) VALUES
	(1, 'Pending'),
	(2, 'Processing'),
	(3, 'Completed'),
	(4, 'Cancelled');

-- Dumping structure for table cafe_db.purchase_order
CREATE TABLE IF NOT EXISTS `purchase_order` (
  `id` varchar(20) NOT NULL,
  `order_date` date DEFAULT NULL,
  `required_date` date DEFAULT NULL,
  `supplier_mobile` varchar(10) NOT NULL,
  `order_state_id` int NOT NULL,
  PRIMARY KEY (`id`),
  KEY `fk_purchase_order_supplier1_idx` (`supplier_mobile`),
  KEY `fk_purchase_order_order_state1_idx` (`order_state_id`),
  CONSTRAINT `fk_purchase_order_order_state1` FOREIGN KEY (`order_state_id`) REFERENCES `order_state` (`id`),
  CONSTRAINT `fk_purchase_order_supplier1` FOREIGN KEY (`supplier_mobile`) REFERENCES `supplier` (`mobile`)
) ENGINE=InnoDB DEFAULT CHARSET=utf8mb3;

-- Dumping data for table cafe_db.purchase_order: ~11 rows (approximately)
INSERT INTO `purchase_order` (`id`, `order_date`, `required_date`, `supplier_mobile`, `order_state_id`) VALUES
	('741-789456321', '2024-06-04', '2024-07-04', '0714152963', 1),
	('896_1717772820032', '2024-06-07', '2024-07-08', '0714798940', 1),
	('896_1717773469831', '2024-06-07', '2024-06-08', '0714798940', 2),
	('896_1717773669817', '2024-06-07', '2024-06-08', '0714152963', 2),
	('896_1717774104172', '2024-06-07', '2024-06-08', '0714152963', 2),
	('896_1717774221452', '2024-06-07', '2024-06-08', '0714152963', 1),
	('896_1718558400226', '2024-06-16', '2024-06-17', '0714798940', 1),
	('896_1718558973370', '2024-06-16', '2024-06-17', '0714798940', 2),
	('896_1719542970967', '2024-06-28', '2024-06-28', '0714152963', 1),
	('896_1732545013723', '2024-11-25', '2024-11-26', '0714152963', 2),
	('896_1732783062852', '2024-11-28', '2024-11-29', '0771112223', 1);

-- Dumping structure for table cafe_db.purchase_order_item
CREATE TABLE IF NOT EXISTS `purchase_order_item` (
  `id` int NOT NULL AUTO_INCREMENT,
  `name` varchar(45) DEFAULT NULL,
  `qty` double DEFAULT NULL,
  `purchase_order_id` varchar(20) NOT NULL,
  `unit_of_measure_id` int NOT NULL,
  PRIMARY KEY (`id`),
  KEY `fk_purchase_order_item_purchase_order1_idx` (`purchase_order_id`),
  KEY `fk_purchase_order_item_unit_of_measure1_idx` (`unit_of_measure_id`),
  CONSTRAINT `fk_purchase_order_item_purchase_order1` FOREIGN KEY (`purchase_order_id`) REFERENCES `purchase_order` (`id`),
  CONSTRAINT `fk_purchase_order_item_unit_of_measure1` FOREIGN KEY (`unit_of_measure_id`) REFERENCES `unit_of_measure` (`id`)
) ENGINE=InnoDB AUTO_INCREMENT=50 DEFAULT CHARSET=utf8mb3;

-- Dumping data for table cafe_db.purchase_order_item: ~45 rows (approximately)
INSERT INTO `purchase_order_item` (`id`, `name`, `qty`, `purchase_order_id`, `unit_of_measure_id`) VALUES
	(1, 'Carrot', 10, '741-789456321', 8),
	(2, 'Leaks', 10, '741-789456321', 8),
	(3, 'Cabage', 10, '741-789456321', 8),
	(4, 'Beans', 10, '741-789456321', 8),
	(5, 'Pineapple', 1, '896_1717772820032', 8),
	(6, 'Coconut', 3, '896_1717772820032', 11),
	(7, 'Jelly', 2, '896_1717772820032', 11),
	(8, 'Immorich chocolate Almond crunch', 1, '896_1717772820032', 11),
	(9, 'Jelly', 2, '896_1717772820032', 11),
	(10, 'Samba Rice', 5, '896_1717772820032', 8),
	(11, 'Limes', 1, '896_1717772820032', 8),
	(12, 'Onions', 1, '896_1717772820032', 8),
	(13, 'Coconut', 30, '896_1717773469831', 11),
	(14, 'Immorich black forest', 40, '896_1717773469831', 11),
	(15, 'Fresh Milk', 10, '896_1717773469831', 10),
	(16, 'Samba Rice', 10, '896_1717773469831', 8),
	(17, 'Limes', 2, '896_1717773469831', 8),
	(18, 'Tomatoes', 5, '896_1717773469831', 8),
	(19, 'Coconut', 1, '896_1717773669817', 11),
	(20, 'Chilli pepper', 1, '896_1717773669817', 8),
	(21, 'Samba Rice', 1, '896_1717773669817', 8),
	(22, 'Onions', 1, '896_1717773669817', 8),
	(23, 'Green Beans', 1, '896_1717773669817', 8),
	(24, 'Jelly', 50, '896_1717774104172', 11),
	(25, 'Youghurt', 50, '896_1717774104172', 11),
	(26, 'Immorich choco chip', 50, '896_1717774104172', 11),
	(27, 'Immorich black forest', 50, '896_1717774104172', 11),
	(28, 'Immorich chocolate Almond crunch', 50, '896_1717774104172', 11),
	(29, 'Curd', 10, '896_1717774221452', 11),
	(30, 'Coconut', 10, '896_1717774221452', 11),
	(31, 'Fresh Milk', 10, '896_1717774221452', 10),
	(32, 'Tomatoes', 10, '896_1717774221452', 8),
	(33, 'Onions', 10, '896_1717774221452', 8),
	(34, 'Capsicums', 10, '896_1717774221452', 8),
	(35, 'Immorich chocolate Almond crunch', 1, '896_1718558400226', 11),
	(36, 'Immorich black forest', 3, '896_1718558400226', 11),
	(37, 'Immorich choco chip', 1, '896_1718558400226', 11),
	(38, 'Jelly', 5, '896_1718558973370', 11),
	(39, 'Immorich choco chip', 5, '896_1718558973370', 11),
	(40, 'Immorich black forest', 5, '896_1718558973370', 11),
	(41, 'Fresh Milk', 5, '896_1718558973370', 10),
	(42, 'Samba Rice', 5, '896_1718558973370', 8),
	(43, 'Green Beans', 5, '896_1718558973370', 8),
	(44, 'Tomatoes', 5, '896_1718558973370', 8),
	(45, 'Immorich black forest', 1, '896_1719542970967', 11),
	(46, 'Coconut', 10, '896_1732545013723', 11),
	(47, 'Tomato Source Large Cann', 10, '896_1732545013723', 11),
	(48, 'Fresh Milk', 5, '896_1732545013723', 10),
	(49, 'Onions', 5, '896_1732545013723', 8);

-- Dumping structure for table cafe_db.reservation
CREATE TABLE IF NOT EXISTS `reservation` (
  `id` varchar(20) NOT NULL,
  `date` date DEFAULT NULL,
  `time` time DEFAULT NULL,
  `party_size` int DEFAULT NULL,
  `advanced_payment_amount` double DEFAULT NULL,
  `special_request` text,
  `payment_method_id` int NOT NULL,
  `customer_mobile` varchar(10) NOT NULL,
  `state_id` int NOT NULL,
  PRIMARY KEY (`id`),
  KEY `fk_reservation_payment_method1_idx` (`payment_method_id`),
  KEY `fk_reservation_customer1_idx` (`customer_mobile`),
  KEY `fk_reservation_reservation_state1_idx` (`state_id`),
  CONSTRAINT `fk_reservation_customer1` FOREIGN KEY (`customer_mobile`) REFERENCES `customer` (`mobile`),
  CONSTRAINT `fk_reservation_payment_method1` FOREIGN KEY (`payment_method_id`) REFERENCES `payment_method` (`id`),
  CONSTRAINT `fk_reservation_reservation_state1` FOREIGN KEY (`state_id`) REFERENCES `reservation_state` (`id`)
) ENGINE=InnoDB DEFAULT CHARSET=utf8mb3;

-- Dumping data for table cafe_db.reservation: ~13 rows (approximately)
INSERT INTO `reservation` (`id`, `date`, `time`, `party_size`, `advanced_payment_amount`, `special_request`, `payment_method_id`, `customer_mobile`, `state_id`) VALUES
	('896_1717076987926', '2024-05-31', '17:19:30', 2, 500, 'No request', 1, '0714785963', 2),
	('896_1717077622895', '2024-06-02', '14:26:41', 2, 500, 'Aniversary celebration', 2, '0774512967', 2),
	('896_1717088430002', '2024-05-31', '15:29:50', 2, 500, 'No request', 2, '0774512967', 2),
	('896_1717088778204', '2024-05-31', '15:35:38', 2, 500, 'No request', 2, '0774512967', 3),
	('896_1717137520601', '2024-06-02', '13:08:05', 2, 500, 'No request', 2, '0714785963', 3),
	('896_1718610702500', '2024-06-18', '14:19:51', 10, 500, 'Party', 2, '0714152963', 2),
	('896_1718615067392', '2024-06-18', '15:33:54', 10, 500, 'No request', 1, '0714152963', 3),
	('896_1718615134131', '2024-06-18', '18:34:38', 10, 500, 'No request', 1, '0714152963', 2),
	('896_1718703591418', '2024-06-19', '16:09:17', 10, 1000, 'No request', 1, '0714152963', 2),
	('896_1718965260699', '2024-06-22', '16:50:30', 6, 800, 'No request', 1, '0714152963', 3),
	('896_1718966091350', '2024-06-22', '17:04:16', 2, 500, 'Aniversary', 2, '0714152963', 2),
	('896_1723222186005', '2024-08-10', '12:19:06', 4, 500, 'No request', 1, '0714152963', 3),
	('896_1732247795961', '2024-11-23', '10:24:47', 10, 500, 'no request', 2, '0714152963', 2),
	('896_1732783010697', '2024-11-29', '15:06:22', 4, 500, 'No request', 2, '0714152963', 1);

-- Dumping structure for table cafe_db.reservation_has_table
CREATE TABLE IF NOT EXISTS `reservation_has_table` (
  `table_id` varchar(10) NOT NULL,
  `reservation_id` varchar(20) NOT NULL,
  PRIMARY KEY (`table_id`,`reservation_id`),
  KEY `fk_reservation_has_table_table1_idx` (`table_id`),
  KEY `fk_reservation_has_table_reservation1_idx` (`reservation_id`),
  CONSTRAINT `fk_reservation_has_table_reservation1` FOREIGN KEY (`reservation_id`) REFERENCES `reservation` (`id`),
  CONSTRAINT `fk_reservation_has_table_table1` FOREIGN KEY (`table_id`) REFERENCES `table` (`id`)
) ENGINE=InnoDB DEFAULT CHARSET=utf8mb3;

-- Dumping data for table cafe_db.reservation_has_table: ~12 rows (approximately)
INSERT INTO `reservation_has_table` (`table_id`, `reservation_id`) VALUES
	('TBL10-1', '896_1718610702500'),
	('TBL10-1', '896_1718615067392'),
	('TBL10-1', '896_1718615134131'),
	('TBL10-1', '896_1718703591418'),
	('TBL10-2', '896_1732247795961'),
	('TBL2-1', '896_1717076987926'),
	('TBL2-1', '896_1717088430002'),
	('TBL2-1', '896_1718966091350'),
	('TBL2-2', '896_1717077622895'),
	('TBL2-2', '896_1717088778204'),
	('TBL2-2', '896_1717137520601'),
	('TBL2-2', '896_1732783010697'),
	('TBL4-1', '896_1723222186005'),
	('TBL6-1', '896_1718965260699');

-- Dumping structure for table cafe_db.reservation_state
CREATE TABLE IF NOT EXISTS `reservation_state` (
  `id` int NOT NULL AUTO_INCREMENT,
  `name` varchar(45) DEFAULT NULL,
  PRIMARY KEY (`id`)
) ENGINE=InnoDB AUTO_INCREMENT=4 DEFAULT CHARSET=utf8mb3;

-- Dumping data for table cafe_db.reservation_state: ~3 rows (approximately)
INSERT INTO `reservation_state` (`id`, `name`) VALUES
	(1, 'Active'),
	(2, 'Completed'),
	(3, 'Cancelled');

-- Dumping structure for table cafe_db.supplier
CREATE TABLE IF NOT EXISTS `supplier` (
  `mobile` varchar(10) NOT NULL,
  `name` varchar(45) DEFAULT NULL,
  `email` varchar(100) DEFAULT NULL,
  `supplier_category_id` int NOT NULL,
  PRIMARY KEY (`mobile`),
  KEY `fk_supplier_supplier_category1_idx` (`supplier_category_id`),
  CONSTRAINT `fk_supplier_supplier_category1` FOREIGN KEY (`supplier_category_id`) REFERENCES `supplier_category` (`id`)
) ENGINE=InnoDB DEFAULT CHARSET=utf8mb3;

-- Dumping data for table cafe_db.supplier: ~5 rows (approximately)
INSERT INTO `supplier` (`mobile`, `name`, `email`, `supplier_category_id`) VALUES
	('0714152963', 'Prabath', 'prabath@gmail.com', 3),
	('0714798940', 'Sampath', 'sampath@gmail.com', 1),
	('0763332221', 'Maliban Products', 'deliver@maliban.com', 2),
	('0771112223', 'Milckey', 'milkey@gmail.com', 4),
	('0778945623', 'Southern Meat', 'southernmeat@gmail.com', 1);

-- Dumping structure for table cafe_db.supplier_category
CREATE TABLE IF NOT EXISTS `supplier_category` (
  `id` int NOT NULL,
  `name` varchar(45) DEFAULT NULL,
  PRIMARY KEY (`id`)
) ENGINE=InnoDB DEFAULT CHARSET=utf8mb3;

-- Dumping data for table cafe_db.supplier_category: ~5 rows (approximately)
INSERT INTO `supplier_category` (`id`, `name`) VALUES
	(0, 'None'),
	(1, 'Meat'),
	(2, 'Beverages'),
	(3, 'Produce'),
	(4, 'Dairy');

-- Dumping structure for table cafe_db.system
CREATE TABLE IF NOT EXISTS `system` (
  `theme` varchar(20) DEFAULT NULL,
  `name` varchar(45) DEFAULT NULL,
  `tele` varchar(12) DEFAULT NULL,
  `address` text
) ENGINE=InnoDB DEFAULT CHARSET=utf8mb3;

-- Dumping data for table cafe_db.system: ~0 rows (approximately)
INSERT INTO `system` (`theme`, `name`, `tele`, `address`) VALUES
	('LIGHT', 'CAFE-POS', '0412225852', 'No.22, Galle Road, Matara');

-- Dumping structure for table cafe_db.table
CREATE TABLE IF NOT EXISTS `table` (
  `id` varchar(10) NOT NULL,
  `table_category_id` int NOT NULL,
  `table_status_id` int NOT NULL,
  `active_state_state_id` tinyint NOT NULL,
  PRIMARY KEY (`id`),
  KEY `fk_table_table_category1_idx` (`table_category_id`),
  KEY `fk_table_table_status1_idx` (`table_status_id`),
  KEY `fk_table_active_state1_idx` (`active_state_state_id`),
  CONSTRAINT `fk_table_active_state1` FOREIGN KEY (`active_state_state_id`) REFERENCES `active_state` (`state_id`),
  CONSTRAINT `fk_table_table_category1` FOREIGN KEY (`table_category_id`) REFERENCES `table_category` (`id`),
  CONSTRAINT `fk_table_table_status1` FOREIGN KEY (`table_status_id`) REFERENCES `table_status` (`id`)
) ENGINE=InnoDB DEFAULT CHARSET=utf8mb3;

-- Dumping data for table cafe_db.table: ~13 rows (approximately)
INSERT INTO `table` (`id`, `table_category_id`, `table_status_id`, `active_state_state_id`) VALUES
	('TBL10-1', 3, 1, 1),
	('TBL10-2', 3, 1, 1),
	('TBL2-1', 1, 1, 1),
	('TBL2-2', 1, 1, 1),
	('TBL2-3', 1, 2, 1),
	('TBL2-4', 1, 1, 1),
	('TBL2-5', 1, 1, 1),
	('TBL2-6', 1, 1, 1),
	('TBL4-1', 2, 2, 1),
	('TBL4-2', 2, 1, 1),
	('TBL6-1', 14, 1, 1),
	('TBL6-2', 14, 2, 1),
	('TBL6-3', 14, 1, 1);

-- Dumping structure for table cafe_db.table_category
CREATE TABLE IF NOT EXISTS `table_category` (
  `id` int NOT NULL AUTO_INCREMENT,
  `name` varchar(45) DEFAULT NULL,
  `capacity` int DEFAULT NULL,
  `qty` int DEFAULT NULL,
  PRIMARY KEY (`id`)
) ENGINE=InnoDB AUTO_INCREMENT=17 DEFAULT CHARSET=utf8mb3;

-- Dumping data for table cafe_db.table_category: ~4 rows (approximately)
INSERT INTO `table_category` (`id`, `name`, `capacity`, `qty`) VALUES
	(1, 'Two Seater', 2, 6),
	(2, 'Four Seater', 4, 2),
	(3, 'Booth', 10, 2),
	(14, 'Round Seater', 6, 3);

-- Dumping structure for table cafe_db.table_status
CREATE TABLE IF NOT EXISTS `table_status` (
  `id` int NOT NULL,
  `name` varchar(45) DEFAULT NULL,
  PRIMARY KEY (`id`)
) ENGINE=InnoDB DEFAULT CHARSET=utf8mb3;

-- Dumping data for table cafe_db.table_status: ~4 rows (approximately)
INSERT INTO `table_status` (`id`, `name`) VALUES
	(1, 'Available'),
	(2, 'Occupied'),
	(3, 'Reserved'),
	(4, 'Dirty');

-- Dumping structure for table cafe_db.unit_of_measure
CREATE TABLE IF NOT EXISTS `unit_of_measure` (
  `id` int NOT NULL AUTO_INCREMENT,
  `name` varchar(45) NOT NULL,
  PRIMARY KEY (`id`)
) ENGINE=InnoDB AUTO_INCREMENT=13 DEFAULT CHARSET=utf8mb3;

-- Dumping data for table cafe_db.unit_of_measure: ~5 rows (approximately)
INSERT INTO `unit_of_measure` (`id`, `name`) VALUES
	(8, 'kg'),
	(9, 'GRAMS'),
	(10, 'L'),
	(11, 'Units'),
	(12, 'pounds');

-- Dumping structure for table cafe_db.user
CREATE TABLE IF NOT EXISTS `user` (
  `mobile` varchar(10) NOT NULL,
  `display_name` varchar(45) DEFAULT NULL,
  `username` varchar(45) DEFAULT NULL,
  `password` varchar(50) CHARACTER SET utf8mb3 COLLATE utf8mb3_general_ci DEFAULT NULL,
  `user_role_id` int NOT NULL,
  `active_state_state_id` tinyint NOT NULL,
  PRIMARY KEY (`mobile`),
  UNIQUE KEY `id_UNIQUE` (`mobile`),
  KEY `fk_user_user_role_idx` (`user_role_id`),
  KEY `fk_user_active_state1_idx` (`active_state_state_id`),
  CONSTRAINT `fk_user_active_state1` FOREIGN KEY (`active_state_state_id`) REFERENCES `active_state` (`state_id`),
  CONSTRAINT `fk_user_user_role` FOREIGN KEY (`user_role_id`) REFERENCES `user_role` (`id`)
) ENGINE=InnoDB DEFAULT CHARSET=utf8mb3;

-- Dumping data for table cafe_db.user: ~3 rows (approximately)
INSERT INTO `user` (`mobile`, `display_name`, `username`, `password`, `user_role_id`, `active_state_state_id`) VALUES
	('0715777896', 'Madushan', 'admin', '123', 1, 1),
	('0774512963', 'Rahman', 'cash', '123', 2, 1),
	('0774798940', 'Sachira', 'sachira', '80cb3e13-5d17-497a-8f82-d69fdea4c704', 2, 1);

-- Dumping structure for table cafe_db.user_role
CREATE TABLE IF NOT EXISTS `user_role` (
  `id` int NOT NULL AUTO_INCREMENT,
  `role_name` varchar(45) DEFAULT NULL,
  `role_description` varchar(45) DEFAULT NULL,
  PRIMARY KEY (`id`)
) ENGINE=InnoDB AUTO_INCREMENT=3 DEFAULT CHARSET=utf8mb3;

-- Dumping data for table cafe_db.user_role: ~2 rows (approximately)
INSERT INTO `user_role` (`id`, `role_name`, `role_description`) VALUES
	(1, 'Admin', 'System administrator'),
	(2, 'Cashier', 'Cashier');

/*!40103 SET TIME_ZONE=IFNULL(@OLD_TIME_ZONE, 'system') */;
/*!40101 SET SQL_MODE=IFNULL(@OLD_SQL_MODE, '') */;
/*!40014 SET FOREIGN_KEY_CHECKS=IFNULL(@OLD_FOREIGN_KEY_CHECKS, 1) */;
/*!40101 SET CHARACTER_SET_CLIENT=@OLD_CHARACTER_SET_CLIENT */;
/*!40111 SET SQL_NOTES=IFNULL(@OLD_SQL_NOTES, 1) */;
